ticker,category,date,price,volume_ratio,price_change_pct,fwd_5d_pct,base_5d_pct,excess_5d_pct,fwd_10d_pct,base_10d_pct,excess_10d_pct,fwd_20d_pct,base_20d_pct,excess_20d_pct,fwd_30d_pct,base_30d_pct,excess_30d_pct,market_cap_busd,size_bucket,persistence_days,persistence_bucket
ANET,Networking and Optics,2025-08-07,139.28,1.54,22.1,-2.01,2.88,-4.89,-5.21,-0.21,-5.0,2.56,8.07,-5.51,7.42,26.12,-18.71,175.66336897344001,4. over $50B,1,1. brief (1-2 days)
AVGO,Networking and Optics,2023-12-11,99.82,1.78,8.3,11.44,7.55,3.89,10.48,15.12,-4.65,5.47,11.61,-6.14,20.06,11.77,8.29,474.90165536436,4. over $50B,1,1. brief (1-2 days)
AVGO,Networking and Optics,2023-12-26,110.28,1.95,10.5,-6.48,-4.92,-1.56,-4.53,-1.73,-2.8,8.67,0.02,8.65,12.62,6.46,6.16,524.66594423544,4. over $50B,11,4. very persistent (10+ days)
AVGO,Networking and Optics,2024-06-13,164.28,1.56,23.1,-1.21,-1.25,0.04,-4.07,-1.07,-3.0,2.42,7.89,-5.47,-10.25,-3.27,-6.98,781.5752749274401,4. over $50B,1,1. brief (1-2 days)
AVGO,Networking and Optics,2024-12-13,221.38,1.71,38.7,-1.78,-5.17,3.38,5.08,-6.82,11.89,1.7,-1.92,3.61,-3.81,-5.96,2.15,1053.23310423324,4. over $50B,1,1. brief (1-2 days)
AVGO,Networking and Optics,2025-01-06,233.43,1.6,8.6,-4.95,-4.26,-0.69,1.9,6.02,-4.11,-1.87,-3.81,1.95,-4.09,-2.91,-1.18,1110.56194561914,4. over $50B,10,4. very persistent (10+ days)
AVGO,Networking and Optics,2025-09-08,343.14,1.52,17.6,5.33,10.75,-5.42,-1.82,17.77,-19.59,-2.77,23.4,-26.17,1.21,28.46,-27.24,1632.51606914172,4. over $50B,1,1. brief (1-2 days)
MRVL,Networking and Optics,2024-01-17,64.9,1.51,12.5,10.59,3.38,7.2,3.58,5.96,-2.38,5.51,18.04,-12.53,9.64,20.11,-10.47,58.32592938370001,4. over $50B,1,1. brief (1-2 days)
MRVL,Networking and Optics,2024-03-08,74.89,1.6,11.6,-11.34,-2.95,-8.39,-11.77,2.4,-14.18,-4.64,2.73,-7.38,-16.56,-3.69,-12.87,67.30398846757,4. over $50B,1,1. brief (1-2 days)
MRVL,Networking and Optics,2024-12-04,117.61,1.74,32.2,-5.75,-2.3,-3.44,-10.89,-6.7,-4.19,0.03,-2.93,2.96,4.82,1.93,2.88,105.69664953492999,4. over $50B,1,1. brief (1-2 days)
MRVL,Networking and Optics,2024-12-24,115.42,1.85,8.7,-2.06,-2.57,0.51,-1.36,-1.81,0.45,-13.43,-7.86,-5.57,-2.67,1.01,-3.68,103.72848643246,4. over $50B,10,4. very persistent (10+ days)
MRVL,Networking and Optics,2025-06-26,79.73,1.55,17.2,-5.99,4.3,-10.29,-9.0,2.38,-11.38,-7.13,10.49,-17.62,-3.21,13.46,-16.67,71.65371879449,4. over $50B,1,1. brief (1-2 days)
MRVL,Networking and Optics,2025-09-30,83.89,1.51,22.1,3.45,3.48,-0.03,2.63,6.61,-3.98,5.29,13.34,-8.05,6.33,10.99,-4.67,75.39232998457001,4. over $50B,1,1. brief (1-2 days)
MRVL,Networking and Optics,2026-03-09,92.58,1.64,19.1,-1.15,3.72,-4.88,-2.69,3.61,-6.29,18.06,5.48,12.57,63.4,28.94,34.46,83.20207307154,4. over $50B,1,1. brief (1-2 days)
MRVL,Networking and Optics,2026-04-01,106.63,1.54,21.8,12.39,12.04,0.35,25.05,22.0,3.05,54.84,33.7,21.14,71.18,54.86,16.33,95.82887288419,4. over $50B,6,3. persistent (6-9 days)
MRVL,Networking and Optics,2026-04-16,133.34,1.8,25.0,24.14,6.76,17.38,23.83,9.69,14.14,36.9,26.13,10.77,53.71,34.44,19.27,119.83327309742,4. over $50B,11,4. very persistent (10+ days)
MRVL,Networking and Optics,2026-04-30,165.11,1.91,23.8,-3.11,7.91,-11.02,10.55,14.96,-4.4,24.13,22.63,1.5,69.36,22.04,47.32,148.38511865243004,4. over $50B,14,4. very persistent (10+ days)
MRVL,Networking and Optics,2026-05-26,208.21,1.5,21.9,39.63,9.76,29.87,28.15,-0.58,28.73,32.86,3.95,28.91,16.81,-1.6,18.41,187.11928747273,4. over $50B,2,1. brief (1-2 days)
MRVL,Networking and Optics,2026-06-09,266.81,3.29,28.1,4.42,4.26,0.15,3.68,4.7,-1.02,-8.85,-1.01,-7.84,-21.55,-5.64,-15.91,239.78337779453,4. over $50B,11,4. very persistent (10+ days)
MRVL,Networking and Optics,2026-06-25,281.19,2.16,11.4,-12.79,-10.45,-2.34,-16.14,-7.39,-8.75,-30.93,-15.1,-15.83,-22.22,-11.52,-10.7,252.70675012947,4. over $50B,9,3. persistent (6-9 days)
ALAB,Networking and Optics,2024-09-27,53.52,1.53,23.2,-2.2,0.24,-2.45,24.61,4.1,20.5,35.78,4.18,31.6,85.54,17.28,68.25,9.28492276608,2. $2B - $10B,1,1. brief (1-2 days)
ALAB,Networking and Optics,2024-10-11,66.69,1.68,24.6,0.27,0.52,-0.25,8.97,0.35,8.62,48.9,12.99,35.91,53.37,16.28,37.09,11.56972158576,3. $10B - $50B,4,2. building (3-5 days)
ALAB,Networking and Optics,2024-11-05,95.91,1.93,40.4,-5.38,9.1,-14.48,-0.76,9.47,-10.23,20.19,20.14,0.05,27.69,11.97,15.72,16.63895632464,3. $10B - $50B,6,3. persistent (6-9 days)
ALAB,Networking and Optics,2024-11-21,104.12,1.64,10.2,-0.84,3.38,-4.21,15.64,10.16,5.48,26.94,1.28,25.66,28.31,4.32,24.0,18.06326902848,3. $10B - $50B,11,4. very persistent (10+ days)
ALAB,Networking and Optics,2024-12-20,132.17,1.5,9.8,3.22,-1.88,5.09,1.08,2.89,-1.81,-6.39,11.63,-18.01,-20.93,1.95,-22.88,22.929526195679998,3. $10B - $50B,4,2. building (3-5 days)
ALAB,Networking and Optics,2025-07-22,116.91,1.51,26.7,1.28,4.48,-3.2,15.94,5.9,10.04,46.32,7.04,39.28,51.06,11.05,40.02,20.28214350864,3. $10B - $50B,1,1. brief (1-2 days)
ALAB,Networking and Optics,2025-08-05,135.54,1.52,15.9,41.66,4.66,36.99,26.21,1.32,24.89,30.3,5.42,24.88,83.99,24.46,59.53,23.51417099616,3. $10B - $50B,8,3. persistent (6-9 days)
ALAB,Networking and Optics,2025-08-19,171.06,1.93,26.2,4.38,3.93,0.46,3.24,3.62,-0.38,45.79,21.73,24.05,13.7,30.97,-17.27,29.676361890240003,3. $10B - $50B,14,4. very persistent (10+ days)
ALAB,Networking and Optics,2025-09-19,245.2,1.8,28.2,-19.34,-2.13,-17.21,-18.13,5.43,-23.56,-34.83,9.2,-44.03,-23.87,18.33,-42.2,42.53854750079999,3. $10B - $50B,1,1. brief (1-2 days)
ALAB,Networking and Optics,2026-04-22,194.06,1.54,54.7,1.44,-0.91,2.35,10.23,15.16,-4.93,48.14,11.16,36.98,84.5,32.88,51.63,33.66651928224,3. $10B - $50B,1,1. brief (1-2 days)
ALAB,Networking and Optics,2026-05-14,228.64,1.52,17.4,30.27,-2.3,32.57,49.95,6.56,43.39,60.58,5.87,54.71,99.42,7.59,91.83,39.66563417856,3. $10B - $50B,1,1. brief (1-2 days)
ALAB,Networking and Optics,2026-05-29,342.85,1.96,50.0,-7.52,-3.48,-4.04,7.09,-0.44,7.52,32.99,1.17,31.82,5.52,-7.44,12.96,59.4793679064,4. over $50B,11,4. very persistent (10+ days)
ALAB,Networking and Optics,2026-06-12,367.15,1.57,7.1,19.75,8.24,11.51,24.19,1.54,22.65,-1.46,-7.02,5.56,-29.12,-17.8,-11.32,63.695055933599996,4. over $50B,11,4. very persistent (10+ days)
ALAB,Networking and Optics,2026-06-29,455.96,1.81,24.2,-16.03,-9.42,-6.6,-20.66,-8.28,-12.38,-42.93,-18.59,-24.34,-31.58,-9.77,-21.8,79.10226801984,4. over $50B,9,3. persistent (6-9 days)
CRDO,Networking and Optics,2023-11-28,18.53,1.51,13.3,0.92,3.03,-2.11,0.32,4.87,-4.54,7.07,23.44,-16.37,6.85,15.31,-8.46,3.48242936098,2. $2B - $10B,1,1. brief (1-2 days)
CRDO,Networking and Optics,2024-05-30,25.69,1.54,35.9,0.58,0.83,-0.24,12.65,8.57,4.08,24.33,7.47,16.86,28.8,17.97,10.84,4.82804156954,2. $2B - $10B,1,1. brief (1-2 days)
CRDO,Networking and Optics,2024-06-13,28.94,1.63,12.7,-5.01,-1.25,-3.76,10.37,-1.07,11.43,14.34,7.89,6.45,-5.39,-3.27,-2.12,5.43882923404,2. $2B - $10B,11,4. very persistent (10+ days)
CRDO,Networking and Optics,2024-12-03,70.69,2.13,74.1,-6.27,-1.65,-4.62,-1.22,0.91,-2.12,0.34,-4.27,4.61,13.2,1.98,11.22,13.28510153954,3. $10B - $50B,1,1. brief (1-2 days)
CRDO,Networking and Optics,2024-12-24,71.22,1.73,7.5,-0.41,-2.57,2.16,3.62,-1.81,5.43,-21.93,-7.86,-14.07,8.23,1.01,7.21,13.38470691252,3. $10B - $50B,9,3. persistent (6-9 days)
CRDO,Networking and Optics,2025-01-21,81.52,1.58,12.6,-28.67,-12.64,-16.02,-6.46,-9.15,2.69,-11.97,-4.71,-7.27,-42.68,-20.44,-22.24,15.32043397232,3. $10B - $50B,1,1. brief (1-2 days)
CRDO,Networking and Optics,2025-06-03,71.92,1.51,16.1,-4.71,4.02,-8.73,10.83,3.79,7.05,24.26,15.43,8.84,36.89,19.43,17.46,13.51626117872,3. $10B - $50B,1,1. brief (1-2 days)
CRDO,Networking and Optics,2025-06-17,79.71,1.87,10.8,15.67,4.65,11.02,12.12,11.05,1.07,23.51,15.18,8.33,39.94,22.13,17.81,14.980272226859999,3. $10B - $50B,11,4. very persistent (10+ days)
CRDO,Networking and Optics,2025-07-02,89.37,1.68,12.1,8.86,0.72,8.14,10.16,3.74,6.42,24.82,10.3,14.52,31.29,13.44,17.84,16.79572110042,3. $10B - $50B,14,4. very persistent (10+ days)
CRDO,Networking and Optics,2025-09-05,140.82,1.5,27.0,15.03,9.51,5.53,20.41,15.58,4.83,2.17,22.76,-20.59,1.98,28.07,-26.09,26.46495966612,3. $10B - $50B,1,1. brief (1-2 days)
CRDO,Networking and Optics,2025-09-19,169.56,1.62,20.4,-15.71,-2.13,-13.57,-15.15,5.43,-20.58,-15.3,9.2,-24.51,10.65,18.33,-7.68,31.86620196696,3. $10B - $50B,10,4. very persistent (10+ days)
CRDO,Networking and Optics,2025-12-04,180.92,1.53,27.5,-14.62,3.83,-18.45,-23.41,-7.7,-15.7,-22.49,0.77,-23.25,-15.31,8.33,-23.64,34.001139772719995,3. $10B - $50B,1,1. brief (1-2 days)
CRDO,Networking and Optics,2026-04-21,183.32,1.55,71.7,-9.49,-0.56,-8.94,5.59,12.31,-6.72,-7.82,10.76,-18.58,17.06,38.27,-21.21,34.452182971119996,3. $10B - $50B,1,1. brief (1-2 days)
CRDO,Networking and Optics,2026-06-02,229.0,1.65,46.5,2.32,-9.06,11.38,4.45,-5.18,9.62,13.14,-7.93,21.07,-9.18,-19.6,10.42,43.037038514,3. $10B - $50B,1,1. brief (1-2 days)
CRDO,Networking and Optics,2026-06-17,249.33,1.8,16.2,7.5,1.84,5.66,-2.98,-8.75,5.77,-18.71,-15.97,-2.74,-16.98,-16.52,-0.46,46.85775027378,3. $10B - $50B,7,3. persistent (6-9 days)
COHR,Networking and Optics,2024-02-06,58.0,2.08,21.7,4.43,5.49,-1.06,-0.95,4.01,-4.95,11.59,16.64,-5.05,3.47,16.33,-12.86,11.358270268,3. $10B - $50B,1,1. brief (1-2 days)
COHR,Networking and Optics,2024-06-05,66.75,1.54,15.4,5.51,4.5,1.01,6.35,7.22,-0.86,11.7,10.0,1.7,7.9,8.77,-0.87,13.0718024205,3. $10B - $50B,1,1. brief (1-2 days)
COHR,Networking and Optics,2024-08-20,78.55,1.54,35.6,1.18,1.03,0.15,-5.92,-6.08,0.16,3.09,0.27,2.83,16.44,8.17,8.27,15.3826229233,3. $10B - $50B,1,1. brief (1-2 days)
COHR,Networking and Optics,2024-09-26,92.42,1.56,21.7,2.0,-2.19,4.19,7.15,1.25,5.9,4.64,3.31,1.34,18.43,14.76,3.66,18.09881617532,3. $10B - $50B,1,1. brief (1-2 days)
COHR,Networking and Optics,2024-11-19,104.25,1.54,11.4,-3.08,3.3,-6.38,7.45,9.6,-2.15,-6.64,2.28,-8.92,1.91,6.82,-4.91,20.4155116455,3. $10B - $50B,1,1. brief (1-2 days)
COHR,Networking and Optics,2025-02-10,93.66,1.52,15.2,-5.32,0.71,-6.03,-18.72,-11.89,-6.82,-29.02,-20.62,-8.4,-19.24,-14.6,-4.64,18.341648160360002,3. $10B - $50B,1,1. brief (1-2 days)
COHR,Networking and Optics,2025-11-07,154.51,1.55,19.5,-9.82,-9.32,-0.5,-9.71,-14.44,4.73,20.29,-1.98,22.27,23.6,-4.86,28.47,30.258040329459998,3. $10B - $50B,1,1. brief (1-2 days)
COHR,Networking and Optics,2025-12-12,178.34,1.55,8.6,4.2,-0.24,4.44,5.99,-0.07,6.06,6.55,9.97,-3.41,24.0,19.14,4.86,34.92472275164,3. $10B - $50B,1,1. brief (1-2 days)
COHR,Networking and Optics,2026-02-06,227.68,1.63,15.6,-4.59,1.71,-6.3,9.32,1.56,7.76,10.82,-1.86,12.68,12.02,1.84,10.19,44.58708576928,3. $10B - $50B,1,1. brief (1-2 days)
COHR,Networking and Optics,2026-03-02,298.91,1.6,37.6,-15.59,-4.81,-10.78,-17.24,-1.22,-16.03,-26.52,-11.29,-15.23,4.85,18.29,-13.44,58.53621665186001,4. over $50B,1,1. brief (1-2 days)
COHR,Networking and Optics,2026-03-20,253.63,1.99,7.6,-4.0,-1.15,-2.85,-0.16,3.59,-3.76,37.01,28.41,8.6,30.07,39.1,-9.03,49.668932552979996,3. $10B - $50B,4,2. building (3-5 days)
LITE,Networking and Optics,2024-02-06,58.84,1.51,8.4,-19.12,5.49,-24.61,-18.41,4.01,-22.41,-14.46,16.64,-31.1,-17.05,16.33,-33.37,5.277948,2. $2B - $10B,1,1. brief (1-2 days)
LITE,Networking and Optics,2024-08-15,52.26,1.85,8.9,6.37,1.88,4.49,8.17,0.98,7.19,6.74,1.26,5.48,23.48,12.37,11.11,4.687722,2. $2B - $10B,1,1. brief (1-2 days)
LITE,Networking and Optics,2024-11-08,83.85,1.51,30.3,-2.86,-4.48,1.62,6.25,3.35,2.9,7.1,8.1,-1.01,-0.75,2.63,-3.38,7.521344999999999,2. $2B - $10B,1,1. brief (1-2 days)
LITE,Networking and Optics,2025-02-10,81.93,1.56,10.5,-2.09,0.71,-2.8,-14.09,-11.89,-2.19,-24.26,-20.62,-3.64,-13.26,-14.6,1.34,7.349121000000001,2. $2B - $10B,1,1. brief (1-2 days)
LITE,Networking and Optics,2025-08-13,120.23,1.75,9.4,-3.61,-3.16,-0.45,4.67,1.55,3.12,37.14,14.44,22.7,32.34,19.15,13.19,10.784631,3. $10B - $50B,1,1. brief (1-2 days)
LITE,Networking and Optics,2025-09-03,134.12,1.54,13.7,22.93,11.97,10.96,21.79,16.57,5.21,27.8,25.42,2.38,16.74,35.92,-19.18,12.030564,3. $10B - $50B,5,2. building (3-5 days)
LITE,Networking and Optics,2025-09-17,163.34,1.92,21.8,-6.48,2.49,-8.97,4.93,7.21,-2.27,-4.14,14.98,-19.12,31.19,21.86,9.33,14.651598,3. $10B - $50B,11,4. very persistent (10+ days)
LITE,Networking and Optics,2025-11-05,232.75,1.73,47.3,9.05,-4.7,13.75,15.54,-12.88,28.42,40.86,-5.51,46.37,44.85,-12.12,56.97,20.877675,3. $10B - $50B,1,1. brief (1-2 days)
LITE,Networking and Optics,2025-11-19,268.92,1.82,15.5,14.64,5.67,8.97,21.91,9.16,12.75,25.36,0.4,24.97,32.77,9.75,23.02,24.122124,3. $10B - $50B,11,4. very persistent (10+ days)
LITE,Networking and Optics,2025-12-04,327.85,1.75,21.9,13.49,3.83,9.66,2.83,-7.7,10.53,8.91,0.77,8.14,8.84,8.33,0.51,29.408145000000005,3. $10B - $50B,12,4. very persistent (10+ days)
LITE,Networking and Optics,2026-02-05,504.42,1.56,42.3,15.67,8.43,7.24,32.38,10.64,21.74,10.71,1.92,8.79,40.03,6.87,33.16,45.246474,3. $10B - $50B,1,1. brief (1-2 days)
LITE,Networking and Optics,2026-02-20,667.77,1.53,32.4,4.96,-0.01,4.98,-16.37,-7.7,-8.67,5.78,-3.48,9.26,15.65,0.1,15.55,59.898969,4. over $50B,11,4. very persistent (10+ days)
LITE,Networking and Optics,2026-03-19,772.13,1.64,18.6,-10.79,-3.68,-7.11,7.09,-0.99,8.08,15.79,21.25,-5.46,23.03,31.75,-8.72,69.260061,4. over $50B,4,2. building (3-5 days)
LITE,Networking and Optics,2026-04-02,826.88,1.71,7.1,8.52,13.08,-4.57,8.13,22.95,-14.83,14.88,33.79,-18.91,17.39,46.07,-28.68,74.171136,4. over $50B,10,4. very persistent (10+ days)
CIEN,Networking and Optics,2024-09-27,61.81,1.52,10.0,7.9,0.24,7.65,10.77,4.1,6.67,3.74,4.18,-0.45,16.34,17.28,-0.94,8.74938610882,2. $2B - $10B,1,1. brief (1-2 days)
CIEN,Networking and Optics,2024-10-11,68.47,1.63,10.8,-4.59,0.52,-5.11,-6.35,0.35,-6.7,5.02,12.99,-7.97,2.42,16.28,-13.85,9.69212856934,2. $2B - $10B,7,3. persistent (6-9 days)
CIEN,Networking and Optics,2024-12-12,84.52,1.58,22.2,1.5,-5.96,7.47,2.53,-4.36,6.89,-1.23,-3.7,2.47,-3.74,-8.76,5.02,11.964052967439999,3. $10B - $50B,1,1. brief (1-2 days)
CIEN,Networking and Optics,2025-09-04,116.92,1.62,34.9,13.33,10.64,2.69,18.06,16.74,1.32,30.57,24.37,6.2,46.07,31.88,14.18,16.55036764024,3. $10B - $50B,1,1. brief (1-2 days)
CIEN,Networking and Optics,2025-09-18,138.04,1.72,18.1,-0.63,-1.65,1.02,10.59,5.94,4.65,23.72,11.36,12.36,36.89,16.97,19.92,19.539965352879996,3. $10B - $50B,11,4. very persistent (10+ days)
CIEN,Networking and Optics,2025-10-02,152.66,1.5,10.6,7.17,3.42,3.76,11.87,4.72,7.15,23.78,10.04,13.74,27.22,-0.88,28.09,21.60946907252,3. $10B - $50B,10,4. very persistent (10+ days)
CIEN,Networking and Optics,2025-12-19,230.34,1.54,14.2,3.76,0.1,3.66,10.35,6.41,3.94,0.67,14.58,-13.91,10.05,13.0,-2.95,32.60530005348,3. $10B - $50B,1,1. brief (1-2 days)
CIEN,Networking and Optics,2026-02-06,271.32,1.95,18.4,12.02,1.71,10.31,27.1,1.56,25.54,17.4,-1.86,19.26,50.34,1.84,48.5,38.40613879704,3. $10B - $50B,1,1. brief (1-2 days)
FN,Networking and Optics,2024-08-27,246.34,1.54,13.1,-8.59,-7.04,-1.55,-11.97,-4.63,-7.33,-7.6,6.44,-14.04,2.72,10.2,-7.48,8.827560397760001,2. $2B - $10B,1,1. brief (1-2 days)
FN,Networking and Optics,2024-09-20,231.56,2.23,9.9,3.55,5.4,-1.86,4.88,5.46,-0.58,4.95,10.05,-5.1,4.74,8.47,-3.73,8.29792110784,2. $2B - $10B,1,1. brief (1-2 days)
FN,Networking and Optics,2025-08-28,355.05,1.88,10.2,4.22,-0.17,4.39,0.83,9.3,-8.46,1.08,12.8,-11.71,1.94,22.3,-20.36,12.7231684632,3. $10B - $50B,1,1. brief (1-2 days)
FN,Networking and Optics,2026-02-06,503.99,1.51,7.9,-1.67,1.71,-3.38,14.43,1.56,12.87,4.67,-1.86,6.53,8.43,1.84,6.59,18.060413107360002,3. $10B - $50B,1,1. brief (1-2 days)
FN,Networking and Optics,2026-05-13,696.07,1.54,8.2,-4.86,-4.5,-0.37,-4.04,5.7,-9.74,-16.35,5.8,-22.15,-24.61,6.5,-31.11,24.94357378448,3. $10B - $50B,1,1. brief (1-2 days)
GLW,Networking and Optics,2024-01-31,30.87,1.55,8.8,-2.15,2.99,-5.15,-2.28,11.3,-13.57,0.09,12.97,-12.88,1.0,13.7,-12.71,26.59105777797,3. $10B - $50B,1,1. brief (1-2 days)
GLW,Networking and Optics,2024-06-18,38.83,1.58,8.6,-4.8,-3.01,-1.79,-4.45,0.57,-5.02,11.89,0.04,11.85,-0.42,-7.41,6.98,33.44770889273,3. $10B - $50B,1,1. brief (1-2 days)
GLW,Networking and Optics,2024-07-08,41.57,1.73,7.5,6.3,3.48,2.81,2.93,-0.09,3.02,-12.29,-16.28,3.99,-5.67,-5.95,0.28,35.807912919669995,3. $10B - $50B,5,2. building (3-5 days)
GLW,Networking and Optics,2025-02-10,51.88,1.64,7.1,-0.3,0.71,-1.01,-6.37,-11.89,5.52,-14.86,-20.62,5.77,-7.12,-14.6,7.48,44.688826612279996,3. $10B - $50B,1,1. brief (1-2 days)
GLW,Networking and Optics,2025-07-31,62.56,1.56,16.7,2.4,-0.35,2.75,3.98,2.46,1.52,9.0,7.5,1.5,22.32,18.73,3.58,53.88845398736,4. over $50B,1,1. brief (1-2 days)
GLW,Networking and Optics,2025-09-05,70.71,1.59,10.2,8.22,9.51,-1.29,11.76,15.58,-3.82,17.38,22.76,-5.38,18.68,28.07,-9.39,60.90876888501,4. over $50B,1,1. brief (1-2 days)
GLW,Networking and Optics,2025-09-19,79.02,2.21,11.8,-0.26,-2.13,1.87,5.03,5.43,-0.4,6.2,9.2,-3.0,11.97,18.33,-6.37,68.06690591562,4. over $50B,11,4. very persistent (10+ days)
GLW,Networking and Optics,2026-01-29,102.65,1.55,14.2,9.5,-6.91,16.42,27.67,0.6,27.07,46.27,3.01,43.26,25.59,-1.04,26.63,88.42151217715,4. over $50B,1,1. brief (1-2 days)
GLW,Networking and Optics,2026-02-12,131.05,1.97,27.7,6.09,2.13,3.96,14.57,2.15,12.42,-1.63,-1.26,-0.37,4.23,-2.39,6.62,112.88494077755,4. over $50B,11,4. very persistent (10+ days)
GLW,Networking and Optics,2026-02-27,150.15,2.06,14.6,-18.01,-7.59,-10.42,-14.14,-3.36,-10.77,-9.02,-4.74,-4.28,16.48,16.06,0.43,129.33745789965002,4. over $50B,14,4. very persistent (10+ days)
GLW,Networking and Optics,2026-05-11,207.07,1.53,23.4,-13.91,-6.32,-7.59,-5.41,4.95,-10.36,-16.0,4.92,-20.92,-0.6,9.79,-10.39,178.36768170016998,4. over $50B,1,1. brief (1-2 days)
GLW,Networking and Optics,2026-06-26,221.05,1.56,25.2,-11.88,-3.03,-8.85,-17.16,-6.73,-10.43,-35.15,-12.84,-22.31,-28.63,-9.35,-19.28,190.40989056755,4. over $50B,1,1. brief (1-2 days)
MU,Memory and Storage,2023-12-21,84.68,1.55,16.1,-0.03,1.49,-1.52,-0.49,0.43,-0.91,2.54,0.96,1.58,-0.9,4.85,-5.75,95.63701202668001,4. over $50B,1,1. brief (1-2 days)
MU,Memory and Storage,2024-03-21,108.96,1.81,11.0,7.42,1.52,5.9,12.61,0.23,12.38,-2.71,-8.94,6.23,4.52,-3.11,7.63,123.05867773295999,4. over $50B,1,1. brief (1-2 days)
MU,Memory and Storage,2024-04-05,122.7,2.13,12.6,-0.86,-4.85,4.0,-13.6,-8.95,-4.65,-7.19,-2.84,-4.35,1.38,5.05,-3.66,138.57653962770001,4. over $50B,11,4. very persistent (10+ days)
MU,Memory and Storage,2024-10-01,99.68,1.53,13.1,2.34,4.05,-1.71,4.11,5.96,-1.84,7.97,10.96,-2.99,3.9,20.86,-16.96,112.57790929168,4. over $50B,1,1. brief (1-2 days)
MU,Memory and Storage,2025-06-26,125.68,1.58,8.6,-2.94,4.3,-7.24,-1.07,2.38,-3.45,-11.62,10.49,-22.11,-5.55,13.46,-19.01,141.94213121768,4. over $50B,1,1. brief (1-2 days)
MU,Memory and Storage,2025-09-22,164.36,1.52,25.2,-0.44,-2.24,1.8,16.07,3.99,12.08,25.68,7.42,18.27,42.66,16.3,26.36,185.62705829836003,4. over $50B,1,1. brief (1-2 days)
MU,Memory and Storage,2025-10-06,190.77,1.81,16.1,0.95,2.39,-1.44,8.28,3.07,5.21,22.91,11.59,11.31,26.7,-3.04,29.74,215.45433141627,4. over $50B,7,3. persistent (6-9 days)
MU,Memory and Storage,2026-01-12,345.67,1.53,21.5,5.53,3.56,1.97,18.61,7.9,10.71,7.92,11.11,-3.2,24.04,15.87,8.16,390.39733050617,4. over $50B,1,1. brief (1-2 days)
MU,Memory and Storage,2026-01-27,410.0,1.69,18.6,2.24,0.09,2.15,-9.02,3.28,-12.3,4.57,7.36,-2.79,2.06,2.28,-0.22,463.05119191,4. over $50B,11,4. very persistent (10+ days)
MU,Memory and Storage,2026-05-08,746.7,1.53,50.3,-2.97,0.24,-3.2,0.56,4.2,-3.64,27.11,10.01,17.1,40.84,13.47,27.36,843.3178658517,4. over $50B,1,1. brief (1-2 days)
MU,Memory and Storage,2026-05-26,895.74,1.74,12.6,18.78,9.76,9.02,4.47,-0.58,5.05,17.04,3.95,13.08,10.71,-1.6,12.3,1011.6426210767399,4. over $50B,11,4. very persistent (10+ days)
MU,Memory and Storage,2026-06-11,995.72,1.72,7.8,13.87,8.12,5.75,13.7,0.87,12.83,-5.9,-6.02,0.12,-9.59,-12.26,2.67,1124.55934831372,4. over $50B,11,4. very persistent (10+ days)
MU,Memory and Storage,2026-06-26,1132.16,1.68,13.7,-13.02,-3.03,-9.99,-17.24,-6.73,-10.5,-20.49,-12.84,-7.65,-23.95,-9.35,-14.6,1278.6537498361602,4. over $50B,8,3. persistent (6-9 days)
STX,Memory and Storage,2024-01-26,85.98,1.5,10.6,-3.23,2.86,-6.09,-1.14,9.31,-10.45,-1.97,12.78,-14.74,1.44,14.79,-13.35,19.486895657639998,3. $10B - $50B,1,1. brief (1-2 days)
STX,Memory and Storage,2025-01-22,105.86,1.53,21.4,-8.13,-14.32,6.18,-11.79,-9.27,-2.51,-5.12,-8.14,3.02,-19.91,-26.19,6.28,23.99258867548,3. $10B - $50B,1,1. brief (1-2 days)
STX,Memory and Storage,2025-09-23,226.26,1.54,19.1,3.8,1.03,2.77,-1.06,4.44,-5.5,-5.65,7.98,-13.63,10.1,12.99,-2.89,51.28058864268,4. over $50B,1,1. brief (1-2 days)
STX,Memory and Storage,2025-11-04,249.11,1.5,16.7,15.03,-0.96,15.98,1.39,-10.63,12.02,3.31,-4.42,7.73,10.89,-10.77,21.66,56.45941587898,4. over $50B,1,1. brief (1-2 days)
STX,Memory and Storage,2026-01-29,445.47,1.67,43.0,-9.21,-6.91,-2.3,-3.45,0.6,-4.05,-8.67,3.01,-11.68,-14.08,-1.04,-13.04,100.96333343346001,4. over $50B,1,1. brief (1-2 days)
STX,Memory and Storage,2026-04-30,673.16,1.51,26.7,13.78,7.91,5.87,19.46,14.96,4.51,30.6,22.63,7.98,38.21,22.04,16.17,152.56802373688,4. over $50B,1,1. brief (1-2 days)
STX,Memory and Storage,2026-05-14,804.19,1.87,19.5,0.71,-2.3,3.01,9.32,6.56,2.77,15.69,5.87,9.82,20.44,7.59,12.85,182.26525493042,4. over $50B,11,4. very persistent (10+ days)
STX,Memory and Storage,2026-06-22,1093.26,1.59,29.1,-11.41,-6.1,-5.31,-24.3,-14.92,-9.38,-18.42,-15.78,-2.64,-22.68,-14.16,-8.51,247.78138574867998,4. over $50B,1,1. brief (1-2 days)
WDC,Memory and Storage,2024-01-25,45.39,1.63,19.4,-4.86,2.32,-7.17,-5.32,7.06,-12.38,-7.08,10.03,-17.11,4.43,18.88,-14.46,16.36495344816,3. $10B - $50B,1,1. brief (1-2 days)
WDC,Memory and Storage,2025-07-31,78.48,1.58,17.4,-5.4,-0.35,-5.05,-3.11,2.46,-5.58,4.26,7.5,-3.24,24.25,18.73,5.52,28.29525328512,3. $10B - $50B,1,1. brief (1-2 days)
WDC,Memory and Storage,2025-09-08,93.15,1.53,21.3,9.75,10.75,-1.0,20.5,17.77,2.72,34.29,23.4,10.9,30.27,28.46,1.81,33.5843889336,3. $10B - $50B,1,1. brief (1-2 days)
WDC,Memory and Storage,2025-09-22,112.24,1.56,20.5,3.85,-2.24,6.09,11.45,3.99,7.46,8.11,7.42,0.7,40.57,16.3,24.27,40.467115554559996,3. $10B - $50B,11,4. very persistent (10+ days)
WDC,Memory and Storage,2025-10-06,125.09,1.84,11.4,-5.12,2.39,-7.51,-2.99,3.07,-6.06,26.13,11.59,14.54,29.67,-3.04,32.71,45.10006668496,3. $10B - $50B,14,4. very persistent (10+ days)
WDC,Memory and Storage,2025-11-04,151.95,1.56,25.3,11.7,-0.96,12.66,0.45,-10.63,11.07,2.24,-4.42,6.66,9.34,-10.77,20.11,54.784196440799995,4. over $50B,1,1. brief (1-2 days)
WDC,Memory and Storage,2026-01-30,250.05,1.6,12.7,12.93,3.39,9.54,12.53,5.11,7.41,7.93,7.33,0.6,14.43,5.05,9.39,90.1532630472,4. over $50B,1,1. brief (1-2 days)
WDC,Memory and Storage,2026-02-13,281.37,1.7,12.5,-0.41,-0.27,-0.14,-4.08,1.74,-5.82,1.69,0.18,1.51,-10.58,-9.68,-0.9,101.44540541328,4. over $50B,7,3. persistent (6-9 days)
WDC,Memory and Storage,2026-05-11,515.7,1.55,28.7,-11.08,-6.32,-4.76,1.71,4.95,-3.24,0.39,4.92,-4.52,24.85,9.79,15.06,185.93096482080003,4. over $50B,1,1. brief (1-2 days)
WDC,Memory and Storage,2026-06-17,712.13,1.52,19.9,-5.16,1.84,-7.0,-24.31,-8.75,-15.56,-32.99,-15.97,-17.01,-23.49,-16.52,-6.97,256.75202245072,4. over $50B,1,1. brief (1-2 days)
SNDK,Memory and Storage,2025-06-17,44.09,1.55,14.1,7.17,4.65,2.52,4.81,11.05,-6.24,-5.83,15.18,-21.01,-2.65,22.13,-24.79,6.45561375409,2. $2B - $10B,1,1. brief (1-2 days)
SNDK,Memory and Storage,2025-09-05,68.55,1.59,50.7,25.65,9.51,16.14,49.1,15.58,33.52,87.32,22.76,64.56,104.46,28.07,76.4,10.03702251855,3. $10B - $50B,1,1. brief (1-2 days)
SNDK,Memory and Storage,2025-09-19,102.21,2.96,49.1,-4.98,-2.13,-2.85,25.63,5.43,20.21,37.13,9.2,27.93,95.02,18.33,76.69,14.96548609221,3. $10B - $50B,11,4. very persistent (10+ days)
SNDK,Memory and Storage,2025-10-03,128.41,3.11,25.6,-8.96,-0.68,-8.28,9.15,3.42,5.73,55.23,12.09,43.14,97.93,-0.77,98.7,18.80166391841,3. $10B - $50B,14,4. very persistent (10+ days)
SNDK,Memory and Storage,2025-10-17,140.16,1.96,9.2,32.82,4.13,28.69,42.22,8.49,33.73,81.34,-3.85,85.19,49.95,0.59,49.36,20.52208718016,3. $10B - $50B,14,4. very persistent (10+ days)
SNDK,Memory and Storage,2025-10-31,199.33,2.03,42.2,20.14,-2.88,23.02,27.51,-11.7,39.21,5.44,-7.56,13.0,1.27,-10.12,11.4,29.18569946933,3. $10B - $50B,14,4. very persistent (10+ days)
SNDK,Memory and Storage,2025-11-14,254.16,2.81,27.5,-21.2,-5.57,-15.63,-17.31,5.28,-22.58,-20.57,1.15,-21.73,-5.48,2.88,-8.36,37.213853294159996,3. $10B - $50B,14,4. very persistent (10+ days)
SNDK,Memory and Storage,2025-12-05,228.47,1.68,16.6,-9.76,-3.56,-6.2,4.0,-3.81,7.82,53.03,2.5,50.53,119.41,10.15,109.26,33.45234915847,3. $10B - $50B,4,2. building (3-5 days)
SNDK,Memory and Storage,2026-01-12,389.27,1.59,55.7,16.4,3.56,12.84,23.68,7.9,15.78,39.14,11.11,28.03,62.45,15.87,46.58,56.99652451927,4. over $50B,1,1. brief (1-2 days)
SNDK,Memory and Storage,2026-01-27,481.43,1.96,23.7,44.47,0.09,44.38,12.51,3.28,9.23,31.35,7.36,23.99,36.14,2.28,33.86,70.49049965143001,4. over $50B,11,4. very persistent (10+ days)
SNDK,Memory and Storage,2026-02-10,541.64,2.6,12.5,10.85,-0.34,11.19,16.75,3.58,13.18,21.01,-1.09,22.1,25.15,4.19,20.96,79.30638770164,4. over $50B,14,4. very persistent (10+ days)
SNDK,Memory and Storage,2026-02-25,632.38,1.87,16.8,-5.27,-4.35,-0.92,3.64,-4.34,7.98,7.19,0.58,6.62,34.66,6.66,28.0,92.59244785238,4. over $50B,11,4. very persistent (10+ days)
SNDK,Memory and Storage,2026-05-08,1562.34,1.54,57.8,-9.9,0.24,-10.14,-5.35,4.2,-9.55,5.1,10.01,-4.91,25.68,13.47,12.21,228.75626202234,4. over $50B,1,1. brief (1-2 days)
P,Memory and Storage,2024-03-07,57.16,1.51,38.8,-11.18,-4.34,-6.84,-7.56,2.09,-9.64,-5.9,1.84,-7.73,-13.47,-7.35,-6.12,19.00026591312,3. $10B - $50B,1,1. brief (1-2 days)
P,Memory and Storage,2024-06-07,64.94,1.92,8.2,4.22,6.46,-2.24,-3.26,5.24,-8.51,1.45,9.84,-8.39,-5.7,11.65,-17.35,21.586376284079996,3. $10B - $50B,1,1. brief (1-2 days)
P,Memory and Storage,2024-12-05,62.56,1.57,25.7,-0.06,-1.46,1.39,-0.35,-7.34,6.99,3.18,-0.79,3.97,15.59,5.12,10.46,20.79525254592,3. $10B - $50B,1,1. brief (1-2 days)
P,Memory and Storage,2025-08-28,80.54,1.9,39.2,-1.63,-0.17,-1.46,2.19,9.3,-7.11,2.31,12.8,-10.49,10.96,22.3,-11.34,26.771893223280003,3. $10B - $50B,1,1. brief (1-2 days)
P,Memory and Storage,2026-06-02,82.98,1.83,7.7,-15.64,-9.06,-6.58,-11.71,-5.18,-6.54,-7.04,-7.93,0.9,-17.61,-19.6,2.0,27.58296125736,3. $10B - $50B,1,1. brief (1-2 days)
P,Memory and Storage,2026-08-21,108.55,1.52,20.5,,,,,,,,,,,,,36.0825553686,3. $10B - $50B,1,1. brief (1-2 days)
NTAP,Memory and Storage,2023-11-30,86.77,1.62,15.8,-2.53,2.08,-4.61,-2.39,9.94,-12.32,-3.53,16.86,-20.39,-5.39,11.34,-16.73,17.02724717405,3. $10B - $50B,1,1. brief (1-2 days)
NTAP,Memory and Storage,2024-03-01,100.57,1.53,20.7,-1.95,0.4,-2.35,-2.81,-2.61,-0.21,-0.26,4.79,-5.05,-2.33,-4.21,1.87,19.73528003105,3. $10B - $50B,1,1. brief (1-2 days)
NTAP,Memory and Storage,2024-06-03,114.14,1.56,7.7,3.32,4.59,-1.27,5.95,12.36,-6.41,9.18,13.05,-3.87,7.54,16.95,-9.4,22.398179007099998,3. $10B - $50B,1,1. brief (1-2 days)
NTAP,Memory and Storage,2024-11-26,125.38,1.69,7.2,-0.42,6.29,-6.72,-5.35,3.98,-9.33,-8.68,2.31,-10.99,-10.93,-1.58,-9.35,24.6038521457,3. $10B - $50B,1,1. brief (1-2 days)
NTAP,Memory and Storage,2025-09-08,119.09,1.55,9.6,2.47,10.75,-8.28,2.84,17.77,-14.94,-0.19,23.4,-23.58,-2.82,28.46,-31.28,23.36953861885,3. $10B - $50B,1,1. brief (1-2 days)
NTAP,Memory and Storage,2026-05-26,138.53,1.6,18.0,26.41,9.76,16.65,18.75,-0.58,19.33,11.95,3.95,8.0,23.59,-1.6,25.19,27.184332730450002,3. $10B - $50B,1,1. brief (1-2 days)
NTAP,Memory and Storage,2026-06-09,164.5,2.48,18.7,-2.27,4.26,-6.53,-5.72,4.7,-10.42,4.08,-1.01,5.08,0.08,-5.64,5.73,32.2805365925,3. $10B - $50B,11,4. very persistent (10+ days)
PENG,Memory and Storage,2024-01-16,21.31,1.62,12.6,6.95,2.28,4.67,-2.06,6.34,-8.41,1.17,11.83,-10.66,-2.39,17.07,-19.47,1.09198191569,1. under $2B,1,1. brief (1-2 days)
PENG,Memory and Storage,2024-03-21,26.3,1.79,8.7,0.08,1.52,-1.44,-2.09,0.23,-2.32,-35.67,-8.94,-26.73,-29.16,-3.11,-26.05,1.3476829837,1. under $2B,1,1. brief (1-2 days)
PENG,Memory and Storage,2024-07-10,29.32,1.75,31.0,-13.3,0.06,-13.37,-20.46,-5.13,-15.34,-36.22,-17.77,-18.45,-29.23,-4.54,-24.69,1.50243593468,1. under $2B,1,1. brief (1-2 days)
PENG,Memory and Storage,2025-07-08,21.19,1.65,8.2,17.23,1.25,15.97,15.38,3.82,11.56,9.16,9.88,-0.72,13.69,11.27,2.41,1.0858327918100001,1. under $2B,1,1. brief (1-2 days)
PENG,Memory and Storage,2025-07-22,24.45,2.02,15.4,0.74,4.48,-3.75,-5.4,5.9,-11.29,-1.47,7.04,-8.51,-2.58,11.05,-13.62,1.25288399055,1. under $2B,11,4. very persistent (10+ days)
PENG,Memory and Storage,2026-04-13,24.38,1.59,46.1,15.26,6.7,8.56,19.16,10.23,8.92,78.59,28.64,49.95,125.39,35.03,90.36,1.2492970016199998,1. under $2B,1,1. brief (1-2 days)
PENG,Memory and Storage,2026-04-27,29.05,1.76,19.2,11.53,4.99,6.54,49.88,16.03,33.85,89.16,21.6,67.55,112.36,21.36,90.99,1.48860040595,1. under $2B,9,3. persistent (6-9 days)
PENG,Memory and Storage,2026-05-11,43.54,2.86,49.9,4.98,-6.32,11.3,26.21,4.95,21.25,41.69,4.92,36.77,48.64,9.79,38.85,2.23110711446,2. $2B - $10B,14,4. very persistent (10+ days)
PENG,Memory and Storage,2026-05-26,54.95,2.85,26.2,28.57,9.76,18.81,12.27,-0.58,12.85,17.78,3.95,13.83,48.12,-1.6,49.71,2.81578631005,2. $2B - $10B,14,4. very persistent (10+ days)
PENG,Memory and Storage,2026-06-09,61.69,2.13,12.3,-2.12,4.26,-6.39,4.91,4.7,0.22,31.93,-1.01,32.94,-5.32,-5.64,0.33,3.16116210131,2. $2B - $10B,14,4. very persistent (10+ days)
PENG,Memory and Storage,2026-06-30,76.01,1.61,19.0,3.24,-9.7,12.93,-4.16,-12.88,8.72,-42.51,-26.26,-16.25,-22.73,-8.04,-14.69,3.89495755099,2. $2B - $10B,5,2. building (3-5 days)
SIMO,Memory and Storage,2024-02-08,63.27,1.6,7.3,1.94,4.75,-2.81,2.49,2.38,0.12,6.42,10.73,-4.3,15.28,13.37,1.91,2.1453433425,2. $2B - $10B,1,1. brief (1-2 days)
SIMO,Memory and Storage,2025-02-18,57.43,1.66,15.0,-5.38,-12.27,6.9,-8.13,-17.8,9.67,-7.91,-18.24,10.33,-13.81,-22.54,8.73,1.9473220825,1. under $2B,1,1. brief (1-2 days)
SIMO,Memory and Storage,2025-05-20,63.8,1.51,25.2,-4.33,-0.09,-4.24,0.83,5.98,-5.15,9.82,9.12,0.69,14.92,21.49,-6.57,2.16331445,2. $2B - $10B,1,1. brief (1-2 days)
SIMO,Memory and Storage,2025-09-24,91.18,1.52,10.4,5.26,4.63,0.62,1.54,8.8,-7.26,-0.27,4.92,-5.19,6.84,18.74,-11.9,3.091708645,2. $2B - $10B,1,1. brief (1-2 days)
SIMO,Memory and Storage,2025-11-05,97.42,1.61,7.1,-7.59,-4.7,-2.89,-13.64,-12.88,-0.76,-7.3,-5.51,-1.79,-11.84,-12.12,0.28,3.303293005,2. $2B - $10B,1,1. brief (1-2 days)
SIMO,Memory and Storage,2026-01-07,120.18,1.54,35.3,-7.75,5.03,-12.78,-4.84,9.05,-13.88,4.17,4.87,-0.7,11.78,15.92,-4.15,4.075033395,2. $2B - $10B,1,1. brief (1-2 days)
SIMO,Memory and Storage,2026-02-04,127.36,1.83,9.0,9.43,8.04,1.39,3.46,7.19,-3.73,-3.22,3.62,-6.84,-0.3,8.27,-8.57,4.31849104,2. $2B - $10B,5,2. building (3-5 days)
SIMO,Memory and Storage,2026-04-29,216.62,1.98,56.4,12.62,16.46,-3.84,24.33,17.85,6.48,30.12,24.69,5.43,26.39,24.76,1.63,7.345096805,2. $2B - $10B,1,1. brief (1-2 days)
SIMO,Memory and Storage,2026-05-13,269.32,2.63,24.3,-4.39,-4.5,0.1,4.66,5.7,-1.04,1.66,5.8,-4.14,13.12,6.5,6.62,9.13203523,2. $2B - $10B,11,4. very persistent (10+ days)
SIMO,Memory and Storage,2026-06-02,300.66,1.94,25.7,-13.78,-9.06,-4.72,-6.17,-5.18,-0.99,5.21,-7.93,13.15,-9.57,-19.6,10.04,10.194704115,3. $10B - $50B,8,3. persistent (6-9 days)
RMBS,Memory and Storage,2023-12-21,69.35,2.37,7.2,-1.59,1.49,-3.08,-3.98,0.43,-4.41,6.2,0.96,5.24,-20.32,4.85,-25.17,7.521812168049999,2. $2B - $10B,1,1. brief (1-2 days)
RMBS,Memory and Storage,2025-02-10,67.17,1.64,15.9,2.11,0.71,1.4,-14.5,-11.89,-2.61,-23.25,-20.62,-2.63,-12.25,-14.6,2.35,7.28536587351,2. $2B - $10B,1,1. brief (1-2 days)
RMBS,Memory and Storage,2025-07-29,73.15,1.71,13.4,0.87,1.38,-0.51,4.5,6.09,-1.59,2.57,6.65,-4.08,5.41,20.06,-14.65,7.933966259450001,2. $2B - $10B,1,1. brief (1-2 days)
RMBS,Memory and Storage,2025-09-11,88.58,1.67,18.0,21.22,5.17,16.05,13.75,3.42,10.33,11.45,15.92,-4.47,14.71,15.45,-0.74,9.60752879374,2. $2B - $10B,1,1. brief (1-2 days)
RMBS,Memory and Storage,2025-09-25,100.76,2.67,13.8,2.93,7.74,-4.81,-2.02,11.37,-13.4,0.84,11.01,-10.16,5.69,18.01,-12.33,10.92859111828,3. $10B - $50B,10,4. very persistent (10+ days)
RMBS,Memory and Storage,2026-01-23,115.31,1.5,26.2,-1.28,0.83,-2.11,-7.12,4.66,-11.78,-17.38,6.84,-24.22,-23.23,2.94,-26.17,12.50670744193,3. $10B - $50B,1,1. brief (1-2 days)
NLST,Memory and Storage,2024-05-20,1.66,1.5,27.7,-4.82,4.13,-8.95,-12.05,0.99,-13.04,-13.86,13.91,-27.77,-17.47,15.56,-33.03,0.58030799414,1. under $2B,1,1. brief (1-2 days)
NLST,Memory and Storage,2024-10-31,1.05,1.54,22.1,12.38,12.55,-0.17,-0.95,9.58,-10.54,-5.71,19.47,-25.18,3.81,23.53,-19.72,0.36706228544999997,1. under $2B,1,1. brief (1-2 days)
NLST,Memory and Storage,2025-03-12,1.24,1.63,90.8,-35.48,2.93,-38.41,-13.71,-0.0,-13.71,-20.97,-7.58,-13.38,-27.42,-5.41,-22.01,0.43348307995999996,1. under $2B,1,1. brief (1-2 days)
NLST,Memory and Storage,2025-04-02,0.97,1.57,21.3,1.03,-5.33,6.37,-7.22,-11.5,4.29,-10.31,1.06,-11.37,-23.71,16.45,-40.16,0.33909563513,1. under $2B,8,3. persistent (6-9 days)
NLST,Memory and Storage,2025-06-23,1.03,1.56,41.1,-32.04,7.96,-40.0,-36.89,8.58,-45.47,-39.81,13.03,-52.84,-34.95,18.92,-53.87,0.36007062287,1. under $2B,1,1. brief (1-2 days)
NLST,Memory and Storage,2025-10-02,0.94,1.54,10.6,-29.79,3.42,-33.2,-35.11,4.72,-39.83,-31.91,10.04,-41.95,-37.23,-0.88,-36.36,0.32860814126,1. under $2B,1,1. brief (1-2 days)
NLST,Memory and Storage,2026-01-08,0.96,1.57,11.6,16.67,8.27,8.4,33.33,9.95,23.39,8.33,14.76,-6.42,15.63,17.07,-1.45,0.33559980384,1. under $2B,1,1. brief (1-2 days)
NLST,Memory and Storage,2026-01-23,1.28,2.0,33.3,-6.25,0.83,-7.08,-18.75,4.66,-23.41,-13.28,6.84,-20.12,-6.25,2.94,-9.19,0.44746640512,1. under $2B,11,4. very persistent (10+ days)
NLST,Memory and Storage,2026-03-16,1.65,1.59,33.1,1.21,-0.03,1.24,-15.76,-9.71,-6.05,-6.06,19.84,-25.9,27.27,23.39,3.89,0.57681216285,1. under $2B,1,1. brief (1-2 days)
NLST,Memory and Storage,2026-04-24,2.25,1.5,48.0,11.11,2.83,8.29,34.22,11.64,22.58,28.89,16.04,12.85,31.11,22.94,8.17,0.78656204025,1. under $2B,1,1. brief (1-2 days)
NLST,Memory and Storage,2026-05-08,3.02,2.6,34.2,-2.98,0.24,-3.22,-3.97,4.2,-8.17,-2.32,10.01,-12.33,-10.93,13.47,-24.4,1.0557410495800001,1. under $2B,11,4. very persistent (10+ days)
NLST,Memory and Storage,2026-08-07,3.92,1.52,56.8,50.0,5.65,44.35,29.34,-2.55,31.89,,,,,,,1.37036586568,1. under $2B,1,1. brief (1-2 days)
NLST,Memory and Storage,2026-08-21,5.07,3.39,29.3,,,,,,,,,,,,,1.7723864640300002,1. under $2B,11,4. very persistent (10+ days)
SMCI,Servers and Compute,2024-01-19,42.34,2.11,46.6,12.0,2.23,9.77,36.91,5.37,31.55,89.75,12.1,77.65,153.77,22.03,131.74,27.38860396318,3. $10B - $50B,1,1. brief (1-2 days)
SMCI,Servers and Compute,2024-02-02,57.96,3.16,36.9,27.72,6.24,21.47,38.59,6.43,32.16,85.35,15.65,69.7,72.64,11.38,61.26,37.49276064492,3. $10B - $50B,11,4. very persistent (10+ days)
SMCI,Servers and Compute,2024-02-16,80.33,3.56,38.6,9.09,2.93,6.16,33.74,9.31,24.42,24.57,5.47,19.1,25.72,10.99,14.73,51.96331025891,4. over $50B,14,4. very persistent (10+ days)
SMCI,Servers and Compute,2024-03-04,107.43,2.19,33.7,0.55,-3.41,3.96,-6.86,-3.17,-3.69,-6.0,2.01,-8.01,-9.13,-4.8,-4.33,69.49356929061,4. over $50B,11,4. very persistent (10+ days)
SMCI,Servers and Compute,2024-12-02,42.0,1.63,126.0,5.14,2.53,2.61,-20.38,5.41,-25.79,-27.43,-4.47,-22.96,-25.9,2.02,-27.92,27.168667134,3. $10B - $50B,1,1. brief (1-2 days)
SMCI,Servers and Compute,2025-02-14,47.91,1.52,68.0,7.72,-7.53,15.25,-24.71,-16.08,-8.63,-12.46,-14.29,1.83,-28.53,-22.45,-6.08,30.991686723569998,3. $10B - $50B,1,1. brief (1-2 days)
SMCI,Servers and Compute,2026-05-14,33.03,1.52,20.5,1.3,-2.3,3.61,39.54,6.56,32.98,-7.78,5.87,-13.65,-14.77,7.59,-22.36,21.366216081810002,3. $10B - $50B,1,1. brief (1-2 days)
SMCI,Servers and Compute,2026-06-01,46.88,1.51,51.0,-6.16,-2.6,-3.56,-34.19,1.33,-35.52,-37.44,2.24,-39.67,-42.64,-11.4,-31.24,30.32540750576,3. $10B - $50B,4,2. building (3-5 days)
SMCI,Servers and Compute,2026-06-25,31.68,1.73,8.2,-14.08,-10.45,-3.63,-10.64,-7.39,-3.25,-4.99,-15.1,10.11,-1.74,-11.52,9.79,20.49293749536,3. $10B - $50B,4,2. building (3-5 days)
DELL,Servers and Compute,2024-02-29,91.13,1.59,10.0,27.3,5.49,21.8,12.46,0.71,11.74,20.55,8.79,11.76,24.4,1.71,22.69,58.88295946364,4. over $50B,1,1. brief (1-2 days)
DELL,Servers and Compute,2024-03-14,102.48,3.2,12.5,7.13,6.99,0.14,7.2,8.34,-1.15,10.62,1.11,9.51,17.94,3.98,13.96,66.21667602144001,4. over $50B,11,4. very persistent (10+ days)
DELL,Servers and Compute,2024-04-09,119.11,1.53,9.5,-2.14,-5.24,3.1,-2.13,-2.24,0.11,3.49,0.35,3.14,19.46,9.72,9.75,76.96202459908,4. over $50B,1,1. brief (1-2 days)
DELL,Servers and Compute,2024-05-28,160.51,1.5,26.8,-18.26,-3.11,-15.14,-20.74,1.75,-22.49,-16.76,6.33,-23.09,-15.27,11.59,-26.86,103.71232111828,4. over $50B,1,1. brief (1-2 days)
DELL,Servers and Compute,2024-06-20,143.53,1.6,7.9,-6.12,-1.34,-4.78,-6.44,2.05,-8.48,-15.3,1.04,-16.34,-30.89,-11.44,-19.45,92.74082269083999,4. over $50B,1,1. brief (1-2 days)
DELL,Servers and Compute,2025-10-08,162.46,1.69,24.6,-6.58,2.48,-9.06,-8.43,-3.57,-4.86,-7.04,8.72,-15.76,-27.18,-5.01,-22.18,104.97229885288,4. over $50B,1,1. brief (1-2 days)
DELL,Servers and Compute,2026-03-02,152.82,1.55,30.7,-4.58,-4.81,0.22,1.95,-1.22,3.16,7.24,-11.29,18.52,20.16,18.29,1.87,98.74348584695998,4. over $50B,1,1. brief (1-2 days)
DELL,Servers and Compute,2026-03-25,183.14,1.52,24.9,-7.95,-4.93,-3.02,-1.39,6.32,-7.7,15.64,23.34,-7.7,25.53,37.03,-11.5,118.33452426392,4. over $50B,6,3. persistent (6-9 days)
DELL,Servers and Compute,2026-05-28,316.53,1.55,30.0,33.12,7.29,25.83,23.47,-0.19,23.66,26.0,0.55,25.45,34.71,-6.06,40.77,204.52346273484,4. over $50B,1,1. brief (1-2 days)
DELL,Servers and Compute,2026-06-11,390.8,2.64,23.5,4.61,8.12,-3.51,2.05,0.87,1.18,9.11,-6.02,15.13,9.24,-12.26,21.5,252.5124608624,4. over $50B,11,4. very persistent (10+ days)
HPE,Servers and Compute,2024-03-05,17.0,1.6,20.6,-0.28,0.01,-0.28,-6.61,-1.15,-5.46,1.23,5.5,-4.27,-5.22,-3.57,-1.65,22.511459857,3. $10B - $50B,1,1. brief (1-2 days)
HPE,Servers and Compute,2024-06-05,18.43,1.85,9.6,7.34,4.5,2.84,10.93,7.22,3.72,6.13,10.0,-3.87,5.77,8.77,-3.0,24.40507089203,3. $10B - $50B,1,1. brief (1-2 days)
HPE,Servers and Compute,2024-06-20,20.45,1.72,10.9,-2.05,-1.34,-0.71,-4.33,2.05,-6.37,-4.66,1.04,-5.69,-16.06,-11.44,-4.62,27.07996200445,3. $10B - $50B,11,4. very persistent (10+ days)
HPE,Servers and Compute,2024-09-19,18.07,1.78,7.6,7.96,7.03,0.92,7.96,4.51,3.44,11.09,11.13,-0.04,3.4,8.4,-5.0,23.928357624470003,3. $10B - $50B,1,1. brief (1-2 days)
HPE,Servers and Compute,2025-07-10,20.86,1.56,15.1,-2.16,3.06,-5.22,-3.66,5.76,-9.43,-4.18,9.42,-13.6,2.49,9.0,-6.51,27.622885448059996,3. $10B - $50B,1,1. brief (1-2 days)
HPE,Servers and Compute,2025-09-04,22.69,1.56,10.1,7.34,10.64,-3.3,9.56,16.74,-7.19,6.26,24.37,-18.11,-2.34,31.88,-34.22,30.04617789149,3. $10B - $50B,1,1. brief (1-2 days)
HPE,Servers and Compute,2025-10-30,24.04,1.67,8.5,-4.14,-1.2,-2.94,-6.06,-10.02,3.96,-10.41,-5.15,-5.25,-2.21,-6.99,4.78,31.83385264484,3. $10B - $50B,1,1. brief (1-2 days)
HPE,Servers and Compute,2026-05-29,42.91,1.77,26.1,14.31,-3.48,17.8,11.92,-0.44,12.35,3.48,1.17,2.32,15.49,-7.44,22.92,56.82157308610999,4. over $50B,1,1. brief (1-2 days)
HPE,Servers and Compute,2026-06-12,48.03,3.09,11.9,0.77,8.24,-7.47,-7.54,1.54,-9.07,3.19,-7.02,10.21,-5.08,-17.8,12.72,63.60149511363001,4. over $50B,11,4. very persistent (10+ days)
CLS,Servers and Compute,2024-01-30,33.09,1.72,16.1,9.58,-0.26,9.84,13.33,5.09,8.24,24.36,10.1,14.26,36.08,14.12,21.96,4.17301686153,2. $2B - $10B,1,1. brief (1-2 days)
CLS,Servers and Compute,2024-02-13,37.5,1.78,13.3,-0.8,-1.23,0.43,9.73,4.9,4.83,20.08,8.8,11.28,21.49,15.1,6.39,4.7291668875,2. $2B - $10B,11,4. very persistent (10+ days)
CLS,Servers and Compute,2024-03-13,45.03,1.53,9.4,-2.18,2.37,-4.55,1.18,6.1,-4.92,2.2,2.45,-0.25,-3.95,0.86,-4.81,5.67878359851,2. $2B - $10B,1,1. brief (1-2 days)
CLS,Servers and Compute,2024-10-24,67.94,1.67,10.9,0.68,-1.55,2.22,25.6,10.9,14.69,34.59,13.55,21.03,39.62,25.66,13.96,8.56798928898,2. $2B - $10B,1,1. brief (1-2 days)
CLS,Servers and Compute,2024-11-07,85.33,1.63,25.6,-5.68,-2.64,-3.04,7.16,2.6,4.56,11.17,13.47,-2.31,11.86,4.05,7.81,10.76106161361,3. $10B - $50B,11,4. very persistent (10+ days)
CLS,Servers and Compute,2025-01-22,123.27,1.57,24.8,-18.48,-14.32,-4.16,16.55,-9.27,25.82,1.42,-8.14,9.56,-33.79,-26.19,-7.6,15.54571739259,3. $10B - $50B,1,1. brief (1-2 days)
CLS,Servers and Compute,2025-02-05,143.67,2.81,16.5,-9.99,-1.08,-8.91,-12.98,1.15,-14.13,-43.19,-18.69,-24.5,-33.42,-14.88,-18.55,18.11838417939,3. $10B - $50B,6,3. persistent (6-9 days)
CLS,Servers and Compute,2025-07-29,202.0,1.68,25.9,-2.72,1.38,-4.1,5.67,6.09,-0.42,-1.67,6.65,-8.32,25.26,20.06,5.2,25.474445634,3. $10B - $50B,1,1. brief (1-2 days)
CLS,Servers and Compute,2025-11-07,322.1,1.56,8.6,-3.48,-9.32,5.84,-13.05,-14.44,1.38,5.79,-1.98,7.77,-4.73,-4.86,0.13,40.6203907857,3. $10B - $50B,1,1. brief (1-2 days)
NVDA,Servers and Compute,2024-02-14,73.77,1.51,20.1,6.28,-1.06,7.34,7.05,2.47,4.58,19.01,3.43,15.58,22.27,11.07,11.2,1781.32419,4. over $50B,1,1. brief (1-2 days)
NVDA,Servers and Compute,2024-02-29,78.97,1.57,7.1,17.14,5.49,11.65,11.17,0.71,10.45,14.22,8.79,5.43,11.48,1.71,9.76,1906.88859,4. over $50B,9,3. persistent (6-9 days)
NVDA,Servers and Compute,2024-03-14,87.79,1.7,11.2,3.97,6.99,-3.02,2.74,8.34,-5.6,0.28,1.11,-0.84,-0.24,3.98,-4.22,2119.86513,4. over $50B,13,4. very persistent (10+ days)
AMD,Servers and Compute,2023-12-14,138.0,1.53,13.9,1.38,4.39,-3.0,6.82,6.06,0.76,15.03,1.74,13.29,24.68,8.28,16.41,225.281555796,4. over $50B,1,1. brief (1-2 days)
AMD,Servers and Compute,2024-01-18,162.67,1.52,20.2,10.86,4.81,6.05,4.8,7.67,-2.87,8.66,18.81,-10.15,24.57,24.96,-0.39,265.55471508214,4. over $50B,1,1. brief (1-2 days)
AMD,Servers and Compute,2025-06-23,129.58,1.56,11.5,9.51,7.96,1.55,6.36,8.58,-2.22,19.4,13.03,6.37,34.52,18.92,15.6,211.53611594236003,4. over $50B,1,1. brief (1-2 days)
AMD,Servers and Compute,2025-08-01,171.7,1.53,9.4,0.62,3.39,-2.78,3.38,4.58,-1.2,-5.28,8.12,-13.41,-6.14,25.14,-31.28,280.29596471139996,4. over $50B,1,1. brief (1-2 days)
AMD,Servers and Compute,2025-10-08,235.56,1.53,46.4,1.29,2.48,-1.19,-2.26,-3.57,1.31,8.82,8.72,0.1,-5.1,-5.01,-0.09,384.54582089352004,4. over $50B,1,1. brief (1-2 days)
AMD,Servers and Compute,2026-04-27,334.63,1.56,35.6,2.06,4.99,-2.92,37.1,16.03,21.08,50.58,21.6,28.98,42.1,21.36,20.74,546.2751233044601,4. over $50B,1,1. brief (1-2 days)
AMD,Servers and Compute,2026-05-11,458.79,1.94,37.1,-8.24,-6.32,-1.92,9.83,4.95,4.88,3.64,4.92,-1.27,13.28,9.79,3.49,748.96322451918,4. over $50B,11,4. very persistent (10+ days)
IBM,Servers and Compute,2024-01-25,175.58,1.77,18.1,-1.85,2.32,-4.17,-2.3,7.06,-9.37,-1.58,10.03,-11.62,3.84,18.88,-15.05,165.41995619620002,4. over $50B,1,1. brief (1-2 days)
IBM,Servers and Compute,2024-09-20,206.35,1.52,8.4,1.44,5.4,-3.96,3.81,5.46,-1.65,6.66,10.05,-3.39,-4.34,8.47,-12.81,194.4094313765,4. over $50B,1,1. brief (1-2 days)
IBM,Servers and Compute,2025-01-31,244.28,1.52,14.8,-1.31,1.7,-3.02,2.86,2.66,0.21,-1.5,-15.13,13.63,-0.41,-13.53,13.12,230.14458878920001,4. over $50B,1,1. brief (1-2 days)
IBM,Servers and Compute,2025-10-27,305.16,1.53,12.9,-2.67,3.26,-5.93,-0.72,1.65,-2.37,-2.33,-9.57,7.24,-0.29,-1.52,1.23,287.5017304524,4. over $50B,1,1. brief (1-2 days)
IBM,Servers and Compute,2026-05-27,253.38,1.54,16.4,19.76,9.15,10.62,6.72,-5.33,12.06,1.2,5.79,-4.59,12.68,-2.01,14.69,238.71801173819998,4. over $50B,1,1. brief (1-2 days)
JBL,Servers and Compute,2023-12-15,132.23,2.19,13.7,-3.78,5.14,-8.92,-3.59,3.88,-7.47,-8.58,0.18,-8.76,-5.73,6.07,-11.8,13.855996778469999,3. $10B - $50B,1,1. brief (1-2 days)
JBL,Servers and Compute,2024-09-26,126.26,1.53,22.0,-5.33,-2.19,-3.14,-2.95,1.25,-4.21,-1.28,3.31,-4.59,8.41,14.76,-6.35,13.23041785714,3. $10B - $50B,1,1. brief (1-2 days)
JBL,Servers and Compute,2024-12-23,145.31,1.7,8.5,-1.22,-2.43,1.22,5.68,1.25,4.44,18.99,11.24,7.75,13.55,1.32,12.23,15.22661190259,3. $10B - $50B,1,1. brief (1-2 days)
JBL,Servers and Compute,2025-06-17,196.59,1.53,13.8,9.03,4.65,4.37,12.7,11.05,1.65,12.87,15.18,-2.31,13.35,22.13,-8.78,20.60009382651,3. $10B - $50B,1,1. brief (1-2 days)
JBL,Servers and Compute,2025-07-02,221.55,1.86,12.7,-0.42,0.72,-1.14,0.15,3.74,-3.59,0.58,10.3,-9.73,-2.02,13.44,-15.46,23.21557956795,3. $10B - $50B,11,4. very persistent (10+ days)
FLEX,Servers and Compute,2024-09-20,32.93,2.19,13.4,1.91,5.4,-3.49,1.64,5.46,-3.82,5.98,10.05,-4.07,7.74,8.47,-0.73,12.16444006554,3. $10B - $50B,1,1. brief (1-2 days)
FLEX,Servers and Compute,2025-06-27,49.89,1.89,14.5,3.15,1.9,1.25,4.15,3.05,1.1,1.2,10.93,-9.73,0.54,13.31,-12.77,18.42951457242,3. $10B - $50B,1,1. brief (1-2 days)
FLEX,Servers and Compute,2025-12-08,67.54,1.62,22.2,0.4,-6.58,6.98,-5.57,-3.31,-2.25,-9.15,-0.31,-8.84,-4.18,8.92,-13.1,24.949477134120002,3. $10B - $50B,1,1. brief (1-2 days)
FLEX,Servers and Compute,2026-05-06,134.73,2.04,57.7,6.73,1.14,5.6,-2.38,-3.51,1.13,18.39,15.03,3.36,9.56,15.52,-5.96,49.76966322593999,3. $10B - $50B,1,1. brief (1-2 days)
FLEX,Servers and Compute,2026-06-01,148.01,1.71,7.4,1.91,-2.6,4.51,0.82,1.33,-0.51,9.5,2.24,7.26,-13.03,-11.4,-1.63,54.67533477378,4. over $50B,7,3. persistent (6-9 days)
FLEX,Servers and Compute,2026-06-25,161.28,2.41,15.6,-15.14,-10.45,-4.7,-15.8,-7.39,-8.41,-26.52,-15.1,-11.42,-24.76,-11.52,-13.24,59.57731229184,4. over $50B,3,2. building (3-5 days)
TSSI,Servers and Compute,2023-11-27,0.39,1.7,8.3,-15.38,3.16,-18.54,-30.77,4.09,-34.86,-17.95,20.43,-38.38,-10.26,16.18,-26.44,0.0110054373,1. under $2B,1,1. brief (1-2 days)
TSSI,Servers and Compute,2024-01-09,0.31,3.18,19.2,6.45,-3.2,9.65,3.23,0.46,2.77,-16.13,6.0,-22.13,22.58,13.05,9.53,0.0087479117,1. under $2B,1,1. brief (1-2 days)
TSSI,Servers and Compute,2024-02-15,0.28,2.12,7.7,50.0,-1.55,51.55,75.0,6.62,68.38,71.43,3.6,67.83,114.29,11.22,103.07,0.007901339600000001,1. under $2B,1,1. brief (1-2 days)
TSSI,Servers and Compute,2024-03-01,0.49,2.16,75.0,-8.16,0.4,-8.57,-2.04,-2.61,0.56,22.45,4.79,17.66,14.29,-4.21,18.49,0.013827344299999999,1. under $2B,11,4. very persistent (10+ days)
TSSI,Servers and Compute,2024-03-26,0.55,1.57,19.6,9.09,0.32,8.77,0.0,-3.41,3.41,50.91,-4.86,55.77,65.45,-1.2,66.65,0.015520488500000002,1. under $2B,3,2. building (3-5 days)
TSSI,Servers and Compute,2024-04-17,0.69,1.69,15.0,20.29,3.81,16.48,17.39,1.77,15.62,85.51,13.98,71.53,246.38,21.3,225.07,0.019471158299999996,1. under $2B,9,3. persistent (6-9 days)
TSSI,Servers and Compute,2024-05-01,0.81,2.0,17.4,12.35,5.94,6.41,58.02,11.99,46.04,195.06,18.58,176.48,153.09,29.28,123.81,0.022857446700000002,1. under $2B,11,4. very persistent (10+ days)
TSSI,Servers and Compute,2024-05-15,1.28,2.72,58.0,9.38,3.37,6.01,86.72,5.17,81.55,60.16,14.7,45.45,71.09,13.38,57.71,0.0361204096,1. under $2B,11,4. very persistent (10+ days)
TSSI,Servers and Compute,2024-05-30,2.39,3.81,86.7,-18.41,0.83,-19.24,-14.23,8.57,-22.79,-8.37,7.47,-15.84,30.54,17.97,12.58,0.0674435773,1. under $2B,14,4. very persistent (10+ days)
TSSI,Servers and Compute,2024-07-11,2.98,1.53,44.0,0.0,-2.09,2.09,-3.02,-7.34,4.32,-20.47,-13.63,-6.84,39.93,-6.27,46.2,0.08409282859999999,1. under $2B,1,1. brief (1-2 days)
TSSI,Servers and Compute,2024-08-16,3.8,1.73,55.7,17.37,4.52,12.85,26.05,1.71,24.34,39.47,0.46,39.02,87.63,11.02,76.61,0.107232466,1. under $2B,1,1. brief (1-2 days)
TSSI,Servers and Compute,2024-08-30,4.79,3.03,26.1,4.38,-7.13,11.51,10.65,-1.16,11.81,48.85,9.12,39.74,26.1,14.76,11.34,0.13516934530000002,1. under $2B,11,4. very persistent (10+ days)
TSSI,Servers and Compute,2024-09-25,6.97,1.52,44.3,-7.03,0.27,-7.3,-6.74,3.81,-10.56,-13.92,4.92,-18.83,24.25,15.86,8.39,0.1966869179,1. under $2B,3,2. building (3-5 days)
TSSI,Servers and Compute,2024-11-13,11.32,1.73,44.4,-33.48,1.12,-34.6,-14.31,5.0,-19.31,-16.87,9.62,-26.49,5.74,4.91,0.83,0.31943987240000005,1. under $2B,1,1. brief (1-2 days)
TSSI,Servers and Compute,2024-12-02,11.01,2.55,21.5,-12.81,2.53,-15.34,-12.9,5.41,-18.31,7.72,-4.47,12.19,7.08,2.02,5.06,0.3106919607,1. under $2B,4,2. building (3-5 days)
TSSI,Servers and Compute,2025-01-02,13.67,1.6,46.4,-18.36,0.91,-19.27,-12.14,6.93,-19.07,1.9,-1.24,3.14,12.95,4.93,8.02,0.3857546869,1. under $2B,1,1. brief (1-2 days)
TSSI,Servers and Compute,2025-01-24,16.54,1.52,40.3,-12.88,-10.15,-2.72,-9.79,-8.79,-1.0,-25.63,-15.13,-10.5,-48.0,-27.5,-20.51,0.46674341779999995,1. under $2B,5,2. building (3-5 days)
TSSI,Servers and Compute,2025-05-16,15.44,3.42,102.9,-14.64,-1.74,-12.9,-6.35,-0.94,-5.41,39.9,8.17,31.73,72.34,15.63,56.71,0.43570244080000003,1. under $2B,1,1. brief (1-2 days)
TSSI,Servers and Compute,2025-06-03,15.14,1.83,8.5,34.87,4.02,30.86,43.92,3.79,40.14,86.92,15.43,71.5,42.27,19.43,22.84,0.4272367198,1. under $2B,11,4. very persistent (10+ days)
TSSI,Servers and Compute,2025-06-17,21.79,2.05,43.9,24.69,4.65,20.04,29.88,11.05,18.83,-1.15,15.18,-16.33,24.83,22.13,2.7,0.6148935352999999,1. under $2B,13,4. very persistent (10+ days)
TSSI,Servers and Compute,2025-07-02,28.3,2.19,29.9,-19.01,0.72,-19.73,-23.89,3.74,-27.63,-3.89,10.3,-14.19,-37.74,13.44,-51.18,0.798599681,1. under $2B,14,4. very persistent (10+ days)
TSSI,Servers and Compute,2026-03-11,11.94,2.11,38.2,-8.96,0.28,-9.24,11.73,4.94,6.78,9.88,11.49,-1.61,32.33,29.2,3.13,0.3369356958,1. under $2B,1,1. brief (1-2 days)
TSSI,Servers and Compute,2026-03-25,13.34,1.61,11.7,4.57,-4.93,9.5,-1.65,6.32,-7.97,18.44,23.34,-4.9,18.74,37.03,-18.29,0.3764423938,1. under $2B,11,4. very persistent (10+ days)
TSSI,Servers and Compute,2026-04-23,15.8,1.55,20.4,-3.04,2.78,-5.82,0.25,10.81,-10.56,-26.65,15.29,-41.93,-15.32,21.22,-36.54,0.445861306,1. under $2B,1,1. brief (1-2 days)
VRT,Data Center Cooling,2023-12-08,47.0,1.51,10.5,1.25,5.72,-4.46,3.48,10.97,-7.49,4.33,9.53,-5.2,12.05,9.8,2.25,18.094444131,3. $10B - $50B,1,1. brief (1-2 days)
VRT,Data Center Cooling,2024-02-06,58.94,1.6,10.2,5.77,5.49,0.28,-0.96,4.01,-4.97,21.77,16.64,5.13,31.71,16.33,15.38,22.69120291662,3. $10B - $50B,1,1. brief (1-2 days)
VRT,Data Center Cooling,2024-02-27,66.07,1.71,8.1,5.66,3.43,2.23,9.13,3.33,5.8,24.79,7.75,17.04,27.96,4.3,23.66,25.436168590109997,3. $10B - $50B,7,3. persistent (6-9 days)
VRT,Data Center Cooling,2024-03-18,76.93,1.5,7.6,6.24,5.98,0.26,4.71,5.41,-0.7,6.77,-1.59,8.35,20.56,0.35,20.21,29.61714014889,3. $10B - $50B,4,2. building (3-5 days)
VRT,Data Center Cooling,2024-04-26,93.24,1.58,11.4,-0.51,-0.97,0.45,2.04,2.3,-0.26,13.56,14.57,-1.0,-2.34,15.61,-17.95,35.89629725052,3. $10B - $50B,1,1. brief (1-2 days)
VRT,Data Center Cooling,2025-08-01,141.43,1.56,9.7,-1.17,3.39,-4.57,-6.02,4.58,-10.6,-9.92,8.12,-18.04,-2.32,25.14,-27.47,54.44887730739,4. over $50B,1,1. brief (1-2 days)
VRT,Data Center Cooling,2025-10-23,183.05,1.52,8.5,5.76,6.84,-1.07,-0.1,5.71,-5.81,-12.88,-10.67,-2.2,3.22,2.99,0.23,70.47208506765001,4. over $50B,1,1. brief (1-2 days)
VRT,Data Center Cooling,2026-02-13,234.43,1.53,26.0,4.64,-0.27,4.92,9.9,1.74,8.16,12.88,0.18,12.7,-0.11,-9.68,9.58,90.25277739639,4. over $50B,1,1. brief (1-2 days)
VRT,Data Center Cooling,2026-03-09,264.23,1.56,7.7,0.15,3.72,-3.58,-3.14,3.61,-6.74,-0.75,5.48,-6.23,18.22,28.94,-10.72,101.72542495179,4. over $50B,7,3. persistent (6-9 days)
MOD,Data Center Cooling,2024-01-31,69.09,1.8,8.0,-0.72,2.99,-3.72,13.08,11.3,1.79,29.85,12.97,16.87,22.64,13.7,8.93,3.6695569957200003,2. $2B - $10B,1,1. brief (1-2 days)
MOD,Data Center Cooling,2024-02-26,86.17,1.51,17.8,6.35,6.09,0.26,-5.65,2.42,-8.08,12.85,8.18,4.67,6.14,6.67,-0.53,4.57672204836,2. $2B - $10B,5,2. building (3-5 days)
MOD,Data Center Cooling,2024-03-20,99.0,1.51,11.0,-3.79,4.11,-7.9,-4.25,1.63,-5.88,-15.39,-4.78,-10.61,-4.9,-2.08,-2.82,5.258158092,2. $2B - $10B,6,3. persistent (6-9 days)
MOD,Data Center Cooling,2025-07-31,134.56,1.75,38.1,0.44,-0.35,0.79,3.68,2.46,1.21,5.85,7.5,-1.65,11.24,18.73,-7.5,7.146845988480001,2. $2B - $10B,1,1. brief (1-2 days)
MOD,Data Center Cooling,2026-02-03,199.48,1.6,46.3,10.17,3.29,6.87,9.05,2.78,6.27,5.24,2.04,3.2,0.47,2.2,-1.72,10.59492299184,3. $10B - $50B,1,1. brief (1-2 days)
MOD,Data Center Cooling,2026-02-18,217.53,1.53,9.0,5.82,3.76,2.06,-3.49,-0.77,-2.72,-7.87,-0.44,-7.43,2.5,-0.8,3.3,11.55360737124,3. $10B - $50B,11,4. very persistent (10+ days)
MOD,Data Center Cooling,2026-06-02,306.89,1.76,24.2,-9.36,-9.06,-0.29,-7.14,-5.18,-1.97,-20.33,-7.93,-12.4,-26.28,-19.6,-6.68,16.299758958119998,3. $10B - $50B,1,1. brief (1-2 days)
NVT,Data Center Cooling,2024-02-07,62.49,1.7,10.6,-0.92,8.29,-9.21,2.59,6.37,-3.78,9.11,15.55,-6.43,15.13,17.63,-2.49,10.114502608110001,3. $10B - $50B,1,1. brief (1-2 days)
NVT,Data Center Cooling,2024-05-09,80.38,1.55,10.2,-2.02,3.95,-5.98,0.35,7.26,-6.91,-6.25,10.66,-16.91,-4.26,17.33,-21.59,13.01014113682,3. $10B - $50B,1,1. brief (1-2 days)
NVT,Data Center Cooling,2025-02-10,67.55,1.67,8.2,0.6,0.71,-0.11,-11.85,-11.89,0.04,-20.06,-20.62,0.56,-14.58,-14.6,0.01,10.93350377945,3. $10B - $50B,1,1. brief (1-2 days)
NVT,Data Center Cooling,2025-08-04,89.89,1.56,20.7,-1.91,0.54,-2.45,-1.19,3.77,-4.96,-1.12,4.75,-5.87,6.31,22.19,-15.88,14.549410136710001,3. $10B - $50B,1,1. brief (1-2 days)
NVT,Data Center Cooling,2025-11-03,111.84,1.53,12.1,-0.03,-1.64,1.62,-7.36,-13.4,6.04,-6.23,-8.82,2.59,-8.86,-11.17,2.31,18.10219189776,3. $10B - $50B,1,1. brief (1-2 days)
TT,Data Center Cooling,2024-02-08,264.07,1.52,7.1,1.12,4.75,-3.63,4.4,2.38,2.02,5.84,10.73,-4.89,11.57,13.37,-1.79,58.10152035039,4. over $50B,1,1. brief (1-2 days)
TT,Data Center Cooling,2026-01-30,418.62,1.53,8.6,8.13,3.39,4.74,10.63,5.11,5.51,10.84,7.33,3.51,0.46,5.05,-4.59,92.10610235574,4. over $50B,1,1. brief (1-2 days)
JCI,Data Center Cooling,2023-12-27,55.72,1.63,9.2,-1.66,-5.93,4.27,0.19,-3.46,3.65,-1.89,-1.03,-0.86,-3.78,7.98,-11.75,33.7519147084,3. $10B - $50B,1,1. brief (1-2 days)
JCI,Data Center Cooling,2025-02-06,86.78,1.73,7.3,0.62,-1.21,1.83,-3.09,-4.16,1.06,-9.02,-17.26,8.24,-5.99,-15.7,9.71,52.5662447666,4. over $50B,1,1. brief (1-2 days)
CARR,Data Center Cooling,2024-03-06,55.82,1.66,7.3,0.24,-2.14,2.39,1.44,0.09,1.35,-3.24,1.3,-4.54,-7.52,-5.35,-2.17,46.01382468174,3. $10B - $50B,1,1. brief (1-2 days)
CARR,Data Center Cooling,2026-02-05,62.65,1.53,9.9,2.84,8.43,-5.59,1.65,10.64,-8.99,-7.53,1.92,-9.45,-7.97,6.87,-14.85,51.64396482105,4. over $50B,1,1. brief (1-2 days)
AAON,Data Center Cooling,2023-12-15,70.4,1.52,13.7,3.23,5.14,-1.9,3.92,3.88,0.05,-1.56,0.18,-1.74,-1.34,6.07,-7.4,5.8047361856,2. $2B - $10B,1,1. brief (1-2 days)
AAON,Data Center Cooling,2024-06-28,86.54,1.75,15.7,-1.43,5.21,-6.65,4.44,8.81,-4.38,0.25,-1.98,2.23,0.17,-9.75,9.92,7.135537919060001,2. $2B - $10B,1,1. brief (1-2 days)
AAON,Data Center Cooling,2024-11-07,118.26,1.5,12.1,11.82,-2.64,14.46,13.82,2.6,11.22,15.31,13.47,1.83,4.28,4.05,0.23,9.750967348140001,2. $2B - $10B,1,1. brief (1-2 days)
AAON,Data Center Cooling,2024-11-21,134.6,1.64,13.8,0.63,3.38,-2.74,1.31,10.16,-8.85,-8.38,1.28,-9.66,-11.1,4.32,-15.42,11.0982598094,3. $10B - $50B,11,4. very persistent (10+ days)
AAON,Data Center Cooling,2025-08-13,87.92,1.78,9.4,-9.29,-3.16,-6.13,-4.01,1.55,-5.56,-6.48,14.44,-20.91,-0.06,19.15,-19.2,7.24932394088,2. $2B - $10B,1,1. brief (1-2 days)
AAON,Data Center Cooling,2026-05-07,129.16,1.92,30.9,8.32,6.35,1.97,2.43,3.88,-1.45,2.68,9.07,-6.39,5.42,22.14,-16.72,10.64971201324,3. $10B - $50B,1,1. brief (1-2 days)
SPXC,Data Center Cooling,2023-12-15,95.61,1.62,9.2,5.29,5.14,0.16,3.7,3.88,-0.18,2.4,0.18,2.21,5.26,6.07,-0.81,4.788709074600001,2. $2B - $10B,1,1. brief (1-2 days)
SPXC,Data Center Cooling,2024-02-28,116.4,1.85,10.1,-1.92,6.19,-8.11,0.5,3.74,-3.24,4.31,9.6,-5.28,6.78,6.05,0.73,5.829994104,2. $2B - $10B,1,1. brief (1-2 days)
SPXC,Data Center Cooling,2025-08-05,203.71,1.56,17.2,-6.16,4.66,-10.82,-7.71,1.32,-9.03,-10.34,5.42,-15.76,-9.23,24.46,-33.69,10.2029905406,3. $10B - $50B,1,1. brief (1-2 days)
SPXC,Data Center Cooling,2025-11-10,224.93,1.61,14.8,-7.85,-12.4,4.55,-5.76,-11.4,5.64,-6.94,-3.53,-3.41,-8.66,-6.68,-1.98,11.265812489800002,3. $10B - $50B,1,1. brief (1-2 days)
FIX,Data Center Cooling,2023-12-18,201.39,2.48,7.5,3.03,6.34,-3.31,-3.51,0.59,-4.09,0.73,-0.09,0.82,10.79,7.05,3.74,7.08778591731,2. $2B - $10B,1,1. brief (1-2 days)
FIX,Data Center Cooling,2024-03-04,317.53,1.52,28.9,-7.24,-3.41,-3.83,-3.25,-3.17,-0.08,-1.85,2.01,-3.86,-5.1,-4.8,-0.3,11.17525528737,3. $10B - $50B,1,1. brief (1-2 days)
FIX,Data Center Cooling,2024-11-07,440.68,1.68,7.2,-0.78,-2.64,1.86,10.63,2.6,8.03,12.22,13.47,-1.25,-1.0,4.05,-5.05,15.50943690372,3. $10B - $50B,1,1. brief (1-2 days)
FIX,Data Center Cooling,2025-07-29,685.78,1.55,27.6,0.55,1.38,-0.83,4.5,6.09,-1.59,2.94,6.65,-3.71,9.45,20.06,-10.61,24.13556694162,3. $10B - $50B,1,1. brief (1-2 days)
FIX,Data Center Cooling,2025-10-30,961.33,1.5,14.8,-0.57,-1.2,0.62,-6.77,-10.02,3.25,1.48,-5.15,6.63,0.54,-6.99,7.54,33.83336429757,3. $10B - $50B,1,1. brief (1-2 days)
FIX,Data Center Cooling,2025-11-28,975.55,1.7,8.8,2.51,1.37,1.15,-0.92,-2.25,1.33,-2.69,-2.23,-0.46,9.85,7.24,2.61,34.333827655949996,3. $10B - $50B,1,1. brief (1-2 days)
FIX,Data Center Cooling,2026-01-02,1002.21,1.91,13.6,0.67,1.66,-0.98,11.59,10.4,1.19,17.2,12.61,4.58,33.29,15.27,18.02,35.27210846709001,3. $10B - $50B,1,1. brief (1-2 days)
GEV,Data Center Power Supply,2024-09-24,254.4,1.55,26.5,0.41,-0.71,1.12,3.44,3.33,0.11,8.2,7.21,0.99,23.6,8.92,14.68,67.7552630064,4. over $50B,1,1. brief (1-2 days)
GEV,Data Center Power Supply,2026-05-05,1094.65,1.51,10.5,-2.12,4.22,-6.35,-7.62,-1.32,-6.3,-12.4,23.05,-35.45,-4.18,16.86,-21.04,291.54205444165,4. over $50B,1,1. brief (1-2 days)
POWL,Data Center Power Supply,2023-12-11,29.98,1.93,7.2,0.62,7.55,-6.93,-1.96,15.12,-17.08,-12.01,11.61,-23.62,-15.26,11.77,-27.03,1.0922482687200001,1. under $2B,1,1. brief (1-2 days)
POWL,Data Center Power Supply,2024-01-31,39.05,1.93,46.0,11.45,2.99,8.46,29.21,11.3,17.92,56.55,12.97,43.58,37.39,13.7,23.68,1.4226916241999998,1. under $2B,1,1. brief (1-2 days)
POWL,Data Center Power Supply,2024-02-14,50.45,2.06,29.2,2.05,-1.06,3.11,21.16,2.47,18.69,6.32,3.43,2.9,-6.93,11.07,-18.0,1.8380228538000003,1. under $2B,11,4. very persistent (10+ days)
POWL,Data Center Power Supply,2024-02-29,61.13,1.65,21.2,-16.72,5.49,-22.21,-12.24,0.71,-12.96,-23.18,8.79,-31.97,-32.01,1.71,-33.72,2.2271226373200004,2. $2B - $10B,14,4. very persistent (10+ days)
POWL,Data Center Power Supply,2024-08-01,53.25,1.51,23.7,2.1,-5.04,7.14,3.83,1.41,2.42,1.21,2.58,-1.37,4.63,2.85,1.78,1.940034033,1. under $2B,1,1. brief (1-2 days)
POWL,Data Center Power Supply,2024-11-14,99.49,1.54,17.9,-4.08,5.7,-9.78,-10.95,9.12,-20.07,-16.07,13.0,-29.07,-24.38,5.03,-29.41,3.6246757923599997,2. $2B - $10B,1,1. brief (1-2 days)
POWL,Data Center Power Supply,2025-08-13,86.3,1.53,12.6,-4.98,-3.16,-1.82,5.76,1.55,4.21,12.71,14.44,-1.73,9.36,19.15,-9.78,3.1441302731999996,2. $2B - $10B,1,1. brief (1-2 days)
POWL,Data Center Power Supply,2026-01-23,139.14,1.54,16.2,6.13,0.83,5.31,39.78,4.66,35.12,30.26,6.84,23.42,24.5,2.94,21.56,5.069226954959999,2. $2B - $10B,1,1. brief (1-2 days)
POWL,Data Center Power Supply,2026-02-06,194.49,1.83,39.8,0.15,1.71,-1.56,-6.81,1.56,-8.37,-10.93,-1.86,-9.07,-7.08,1.84,-8.92,7.085769372360001,2. $2B - $10B,6,3. persistent (6-9 days)
POWL,Data Center Power Supply,2026-05-06,320.05,1.52,31.9,-6.08,1.14,-7.21,-15.35,-3.51,-11.84,-6.29,15.03,-21.32,-7.18,15.52,-22.7,11.6602421082,3. $10B - $50B,1,1. brief (1-2 days)
BE,Data Center Power Supply,2024-05-21,15.13,1.51,28.5,2.58,2.49,0.08,3.64,3.6,0.04,-7.4,12.17,-19.57,-19.63,15.81,-35.44,4.456198744980001,2. $2B - $10B,1,1. brief (1-2 days)
BE,Data Center Power Supply,2024-11-07,10.67,1.54,16.1,24.46,-2.64,27.1,124.37,2.6,121.77,153.8,13.47,140.32,126.05,4.05,122.0,3.14260678182,2. $2B - $10B,1,1. brief (1-2 days)
BE,Data Center Power Supply,2024-11-21,23.94,3.59,124.4,14.66,3.38,11.28,13.12,10.16,2.96,0.75,1.28,-0.53,4.68,4.32,0.36,7.05098466324,2. $2B - $10B,11,4. very persistent (10+ days)
BE,Data Center Power Supply,2024-12-06,27.08,1.59,13.1,-5.5,-2.7,-2.81,-10.93,-7.68,-3.25,-7.46,-5.11,-2.34,2.18,3.02,-0.84,7.975800529679999,2. $2B - $10B,13,4. very persistent (10+ days)
BE,Data Center Power Supply,2025-07-09,28.71,1.61,25.1,-14.0,0.96,-14.96,-6.34,5.08,-11.42,35.35,9.14,26.21,55.03,9.01,46.03,8.45588010366,2. $2B - $10B,1,1. brief (1-2 days)
BE,Data Center Power Supply,2025-07-24,33.06,1.81,27.9,13.1,3.64,9.45,11.31,3.37,7.95,35.6,2.96,32.64,72.63,11.54,61.09,9.737074058760001,2. $2B - $10B,7,3. persistent (6-9 days)
BE,Data Center Power Supply,2025-08-07,36.8,2.32,11.3,22.58,2.88,19.7,21.82,-0.21,22.03,55.08,8.07,47.01,130.79,26.12,104.67,10.8386063328,3. $10B - $50B,11,4. very persistent (10+ days)
BE,Data Center Power Supply,2025-08-21,44.83,1.8,21.8,22.24,8.12,14.12,27.3,8.11,19.19,89.45,25.56,63.89,101.41,33.45,67.96,13.203660921180001,3. $10B - $50B,14,4. very persistent (10+ days)
BE,Data Center Power Supply,2025-09-05,57.07,1.57,27.3,17.86,9.51,8.35,48.82,15.58,33.24,58.21,22.76,35.45,95.37,28.07,67.31,16.80867563622,3. $10B - $50B,14,4. very persistent (10+ days)
BE,Data Center Power Supply,2025-09-19,84.93,2.07,48.8,-17.2,-2.13,-15.07,6.31,5.43,0.88,31.28,9.2,22.08,55.61,18.33,37.28,25.014207495780003,3. $10B - $50B,12,4. very persistent (10+ days)
BE,Data Center Power Supply,2025-10-07,86.06,1.94,11.2,32.54,2.73,29.81,21.29,3.22,18.07,49.95,8.02,41.93,21.97,-2.98,24.95,25.34702339676,3. $10B - $50B,10,4. very persistent (10+ days)
BE,Data Center Power Supply,2025-10-21,104.38,1.56,21.3,8.53,5.91,2.61,23.63,4.55,19.09,0.57,-6.29,6.86,-1.8,0.04,-1.84,30.74276437548,3. $10B - $50B,12,4. very persistent (10+ days)
BE,Data Center Power Supply,2025-11-04,129.05,1.72,23.6,-1.53,-0.96,-0.58,-18.66,-10.63,-8.03,-20.57,-4.42,-16.15,-40.36,-10.77,-29.58,38.008754001300005,3. $10B - $50B,10,4. very persistent (10+ days)
BE,Data Center Power Supply,2026-05-07,258.64,1.53,8.9,17.31,6.35,10.96,19.04,3.88,15.16,1.92,9.07,-7.15,33.72,22.14,11.57,76.17655276944001,4. over $50B,1,1. brief (1-2 days)
BE,Data Center Power Supply,2026-06-30,302.7,1.7,10.3,-15.99,-9.7,-6.3,-20.92,-12.88,-8.04,-45.9,-26.26,-19.65,-21.65,-8.04,-13.61,89.1534276342,4. over $50B,1,1. brief (1-2 days)
PWR,Data Center Power Supply,2024-11-08,330.38,1.62,7.4,-2.31,-4.48,2.17,3.31,3.35,-0.05,-2.72,8.1,-10.82,-1.09,2.63,-3.72,49.670450179339994,3. $10B - $50B,1,1. brief (1-2 days)
PWR,Data Center Power Supply,2026-05-08,744.89,1.54,19.2,3.35,0.24,3.12,-2.89,4.2,-7.09,-6.87,10.01,-16.88,-5.73,13.47,-19.21,111.98929001177001,4. over $50B,1,1. brief (1-2 days)
HUBB,Data Center Power Supply,2024-02-07,344.18,1.56,8.2,1.28,8.29,-7.01,2.7,6.37,-3.67,11.02,15.55,-4.52,17.25,17.63,-0.38,18.18391428678,3. $10B - $50B,1,1. brief (1-2 days)
HUBB,Data Center Power Supply,2025-11-05,463.85,1.54,10.7,-3.22,-4.7,1.48,-10.46,-12.88,2.41,-6.17,-5.51,-0.66,-6.79,-12.12,5.34,24.50638805835,3. $10B - $50B,1,1. brief (1-2 days)
HUBB,Data Center Power Supply,2026-02-13,521.13,1.67,7.4,-1.36,-0.27,-1.09,-1.09,1.74,-2.83,-9.58,0.18,-9.76,-9.69,-9.68,-0.0,27.53263772523,3. $10B - $50B,1,1. brief (1-2 days)
CAT,Data Center Power Supply,2026-02-06,723.48,1.54,15.9,6.61,1.71,4.9,4.17,1.56,2.61,-2.94,-1.86,-1.08,-3.37,1.84,-5.21,332.56558869372003,4. over $50B,1,1. brief (1-2 days)
CAT,Data Center Power Supply,2026-06-25,1055.05,1.51,23.5,-8.84,-10.45,1.6,-9.9,-7.39,-2.51,-15.76,-15.1,-0.66,-20.18,-11.52,-8.65,484.97999163944996,4. over $50B,1,1. brief (1-2 days)
EMR,Data Center Power Supply,2024-02-13,99.89,1.52,10.5,0.77,-1.23,2.0,1.34,4.9,-3.56,5.94,8.8,-2.86,8.92,15.1,-6.19,55.718642,4. over $50B,1,1. brief (1-2 days)
EMR,Data Center Power Supply,2024-05-15,110.11,1.6,7.9,0.34,3.37,-3.03,-2.97,5.17,-8.14,-5.04,14.7,-19.75,-3.62,13.38,-17.0,61.419358,4. over $50B,1,1. brief (1-2 days)
EMR,Data Center Power Supply,2024-11-13,126.03,1.51,19.4,-0.41,1.12,-1.52,2.29,5.0,-2.72,1.18,9.62,-8.44,-3.02,4.91,-7.94,70.299534,4. over $50B,1,1. brief (1-2 days)
EMR,Data Center Power Supply,2026-02-09,158.22,1.72,7.3,-6.62,-2.22,-4.4,-5.34,0.68,-6.02,-12.11,-4.17,-7.93,-18.35,0.87,-19.22,88.255116,4. over $50B,1,1. brief (1-2 days)
ATKR,Data Center Power Supply,2023-12-20,150.83,1.51,20.9,2.94,8.21,-5.27,-3.32,1.15,-4.48,-1.39,4.59,-5.98,-7.98,8.18,-16.16,5.0939137165,2. $2B - $10B,1,1. brief (1-2 days)
ATKR,Data Center Power Supply,2024-12-04,90.29,1.52,8.5,-4.96,-2.3,-2.65,-12.11,-6.7,-5.4,-10.59,-2.93,-7.65,-5.51,1.93,-7.44,3.0493235395,2. $2B - $10B,1,1. brief (1-2 days)
ATKR,Data Center Power Supply,2026-04-17,68.57,1.62,12.4,9.11,5.81,3.31,7.84,8.74,-0.9,7.45,18.38,-10.93,19.03,34.45,-15.42,2.3157837535,2. $2B - $10B,1,1. brief (1-2 days)
ATKR,Data Center Power Supply,2026-05-05,75.78,1.61,10.0,-3.06,4.22,-7.29,-5.67,-1.32,-4.35,11.79,23.05,-11.26,1.04,16.86,-15.82,2.559283839,2. $2B - $10B,10,4. very persistent (10+ days)
ATKR,Data Center Power Supply,2026-05-26,85.11,1.53,15.0,-1.46,9.76,-11.22,-5.42,-0.58,-4.84,-8.8,3.95,-12.76,-17.34,-1.6,-15.74,2.8743817305,2. $2B - $10B,1,1. brief (1-2 days)
ATKR,Data Center Power Supply,2026-08-03,93.22,2.5,27.5,0.21,0.91,-0.7,0.17,11.22,-11.04,,,,,,,3.148277111,2. $2B - $10B,1,1. brief (1-2 days)
GNRC,Data Center Power Supply,2024-11-11,195.11,1.52,17.8,-6.75,-4.49,-2.26,-1.76,3.07,-4.83,-12.18,3.67,-15.85,-20.71,3.72,-24.43,11.51273109471,3. $10B - $50B,1,1. brief (1-2 days)
GNRC,Data Center Power Supply,2025-07-02,150.62,1.55,21.5,0.91,0.72,0.19,-0.58,3.74,-4.33,29.26,10.3,18.96,32.1,13.44,18.66,8.88753809382,2. $2B - $10B,1,1. brief (1-2 days)
GNRC,Data Center Power Supply,2025-07-30,181.0,1.61,23.4,7.13,1.24,5.9,12.07,4.49,7.58,3.31,6.24,-2.93,3.79,20.2,-16.41,10.680151341,3. $10B - $50B,1,1. brief (1-2 days)
GNRC,Data Center Power Supply,2025-08-13,202.85,1.62,12.1,-6.51,-3.16,-3.35,-7.82,1.55,-9.37,-7.39,14.44,-21.83,-19.02,19.15,-38.17,11.96944032885,3. $10B - $50B,11,4. very persistent (10+ days)
GNRC,Data Center Power Supply,2026-02-12,215.73,1.64,26.9,6.24,2.13,4.11,4.47,2.15,2.32,-7.05,-1.26,-5.79,-9.89,-2.39,-7.5,12.729442258529998,3. $10B - $50B,1,1. brief (1-2 days)
CRWV,Neo Cloud,2025-06-27,159.99,1.57,7.4,-0.18,1.9,-2.08,-17.26,3.05,-20.31,-31.07,10.93,-42.0,-12.63,13.31,-25.94,88.24034095398001,4. over $50B,1,1. brief (1-2 days)
CRWV,Neo Cloud,2025-09-19,124.86,1.6,40.2,-3.62,-2.13,-1.49,7.95,5.43,2.53,9.62,9.2,0.42,7.09,18.33,-11.25,68.86486012572,4. over $50B,1,1. brief (1-2 days)
CRWV,Neo Cloud,2025-10-03,134.79,1.55,8.0,2.7,-0.68,3.38,1.54,3.42,-1.88,-0.8,12.09,-12.89,-42.61,-0.77,-41.84,74.34161858358,4. over $50B,10,4. very persistent (10+ days)
CRWV,Neo Cloud,2026-04-15,118.69,1.55,53.2,3.24,7.15,-3.91,-3.79,6.14,-9.93,-6.22,25.22,-31.44,-9.97,32.48,-42.45,65.46187929138,4. over $50B,1,1. brief (1-2 days)
NBIS,Neo Cloud,2025-01-24,41.69,1.58,35.6,-21.66,-10.15,-11.51,-8.54,-8.79,0.25,-13.12,-15.13,2.01,-37.13,-27.5,-9.63,11.33364403842,3. $10B - $50B,1,1. brief (1-2 days)
NBIS,Neo Cloud,2025-02-10,40.97,1.59,57.1,17.33,0.71,16.62,-16.5,-11.89,-4.61,-37.88,-20.62,-17.26,-33.68,-14.6,-19.09,11.13790828146,3. $10B - $50B,2,1. brief (1-2 days)
NBIS,Neo Cloud,2025-05-21,38.92,1.55,41.8,-2.26,0.68,-2.94,18.96,5.93,13.04,23.25,11.39,11.86,22.92,20.72,2.2,10.580605084560002,3. $10B - $50B,1,1. brief (1-2 days)
NBIS,Neo Cloud,2025-06-05,46.3,1.84,19.0,8.6,3.36,5.23,3.61,4.93,-1.32,3.33,13.9,-10.57,13.11,18.3,-5.19,12.586896593399999,3. $10B - $50B,6,3. persistent (6-9 days)
NBIS,Neo Cloud,2025-08-13,70.63,1.58,37.7,-4.47,-3.16,-1.32,-0.75,1.55,-2.3,26.28,14.44,11.84,52.82,19.15,33.68,19.201134047340002,3. $10B - $50B,1,1. brief (1-2 days)
NBIS,Neo Cloud,2025-09-09,95.72,1.67,36.7,-6.57,7.75,-14.32,12.62,12.35,0.27,22.96,17.98,4.98,8.94,22.38,-13.44,26.02198146696,3. $10B - $50B,2,1. brief (1-2 days)
NBIS,Neo Cloud,2025-09-23,107.8,2.1,12.6,4.15,1.03,3.12,9.18,4.44,4.75,-3.27,7.98,-11.25,2.54,12.99,-10.45,29.3059925004,3. $10B - $50B,11,4. very persistent (10+ days)
NBIS,Neo Cloud,2025-10-07,117.7,1.64,9.2,8.88,2.73,6.15,-11.4,3.22,-14.62,-6.08,8.02,-14.1,-23.08,-2.98,-20.1,31.997359158600002,3. $10B - $50B,14,4. very persistent (10+ days)
NBIS,Neo Cloud,2026-03-17,116.33,1.66,34.0,-1.22,2.16,-3.38,-10.81,-3.87,-6.94,43.36,18.84,24.52,21.37,25.99,-4.62,31.624917509939998,3. $10B - $50B,1,1. brief (1-2 days)
NBIS,Neo Cloud,2026-04-20,159.16,1.53,41.4,-8.92,3.3,-12.23,10.84,8.5,2.35,25.57,11.91,13.66,63.72,38.96,24.76,43.26847649688,3. $10B - $50B,1,1. brief (1-2 days)
NBIS,Neo Cloud,2026-05-13,207.27,1.5,46.8,-7.45,-4.5,-2.96,9.2,5.7,3.5,7.22,5.8,1.43,15.94,6.5,9.43,56.34743103486,4. over $50B,1,1. brief (1-2 days)
NBIS,Neo Cloud,2026-05-28,226.34,1.54,9.2,14.73,7.29,7.44,-1.81,-0.19,-1.62,6.17,0.55,5.61,-6.99,-6.06,-0.94,61.531710042120004,4. over $50B,10,4. very persistent (10+ days)
NBIS,Neo Cloud,2026-06-18,286.69,1.52,10.4,-16.18,-6.38,-9.8,-25.7,-9.26,-16.44,-36.3,-18.44,-17.86,-25.85,-16.23,-9.62,77.93817244842,4. over $50B,1,1. brief (1-2 days)
NBIS,Neo Cloud,2026-08-20,220.11,1.53,15.9,,,,,,,,,,,,,59.838052033980006,4. over $50B,1,1. brief (1-2 days)
IREN,Neo Cloud,2023-11-29,4.84,1.56,66.3,11.57,0.75,10.82,19.63,5.83,13.8,76.45,21.34,55.1,6.4,12.26,-5.86,1.7297127821599998,1. under $2B,1,1. brief (1-2 days)
IREN,Neo Cloud,2023-12-13,5.79,2.8,19.6,-4.49,4.89,-9.38,47.5,14.09,33.41,-11.05,6.38,-17.44,-22.63,11.77,-34.4,2.06922252246,2. $2B - $10B,11,4. very persistent (10+ days)
IREN,Neo Cloud,2023-12-28,8.54,3.17,47.5,-27.52,-5.7,-21.81,-39.7,-4.46,-35.24,-47.54,0.5,-48.04,-18.85,8.73,-27.58,3.0520138759599997,2. $2B - $10B,12,4. very persistent (10+ days)
IREN,Neo Cloud,2024-02-14,8.3,1.62,111.7,-20.12,-1.06,-19.06,-28.92,2.47,-31.38,-45.06,3.43,-48.49,-34.94,11.07,-46.01,2.9662429942000004,2. $2B - $10B,1,1. brief (1-2 days)
IREN,Neo Cloud,2024-05-24,7.83,1.58,63.5,2.17,-3.6,5.77,31.67,1.0,30.67,65.9,7.56,58.34,64.75,12.23,52.52,2.79827501742,2. $2B - $10B,1,1. brief (1-2 days)
IREN,Neo Cloud,2024-06-10,10.31,2.09,31.7,40.16,6.67,33.48,25.99,5.63,20.36,25.12,10.05,15.07,-1.02,4.26,-5.28,3.68457412894,2. $2B - $10B,11,4. very persistent (10+ days)
IREN,Neo Cloud,2024-06-25,12.99,2.76,26.0,10.78,0.91,9.86,-0.69,4.2,-4.9,-21.44,-1.29,-20.15,-47.96,-14.66,-33.3,4.64234897526,2. $2B - $10B,14,4. very persistent (10+ days)
IREN,Neo Cloud,2024-10-25,9.25,1.51,19.5,-2.16,-1.25,-0.91,18.81,12.04,6.77,16.54,15.76,0.78,56.86,20.81,36.06,3.3057527345,2. $2B - $10B,1,1. brief (1-2 days)
IREN,Neo Cloud,2024-11-14,10.33,1.52,13.3,-5.91,5.7,-11.6,30.78,9.12,21.67,26.91,13.0,13.91,-3.78,5.03,-8.81,3.69172170242,2. $2B - $10B,4,2. building (3-5 days)
IREN,Neo Cloud,2024-12-04,14.27,1.6,37.1,-4.63,-2.3,-2.32,-15.0,-6.7,-8.29,-20.53,-2.93,-17.6,-24.25,1.93,-26.18,5.099793677979999,2. $2B - $10B,5,2. building (3-5 days)
IREN,Neo Cloud,2025-05-22,9.28,1.56,34.7,-9.59,-1.25,-8.34,5.06,7.93,-2.87,14.87,10.85,4.02,82.0,19.35,62.65,3.3164740947199998,2. $2B - $10B,1,1. brief (1-2 days)
IREN,Neo Cloud,2025-06-16,10.4,1.51,19.1,10.96,3.23,7.74,46.44,6.96,39.48,66.44,11.32,55.12,55.19,18.86,36.33,3.7167382096,2. $2B - $10B,2,1. brief (1-2 days)
IREN,Neo Cloud,2025-07-01,15.23,2.31,46.4,11.36,3.26,8.09,13.66,4.17,9.49,5.98,11.37,-5.39,16.41,16.6,-0.18,5.44287720502,2. $2B - $10B,10,4. very persistent (10+ days)
IREN,Neo Cloud,2025-07-16,17.31,2.3,13.7,9.71,4.1,5.6,-6.76,6.9,-13.66,2.43,11.89,-9.46,29.15,13.41,15.74,6.186224846939999,2. $2B - $10B,14,4. very persistent (10+ days)
IREN,Neo Cloud,2025-08-29,26.48,1.55,34.5,-1.1,3.56,-4.66,40.26,14.49,25.76,73.45,18.86,54.59,142.22,31.61,110.61,9.46338728752,2. $2B - $10B,1,1. brief (1-2 days)
IREN,Neo Cloud,2025-09-15,37.14,1.86,40.3,12.82,5.76,7.06,23.67,3.34,20.33,72.7,13.48,59.21,74.99,19.54,55.44,13.27304395236,3. $10B - $50B,11,4. very persistent (10+ days)
IREN,Neo Cloud,2025-09-29,45.93,2.24,23.7,25.73,6.43,19.31,39.65,9.26,30.39,41.5,15.04,26.46,31.0,17.2,13.8,16.41440249682,3. $10B - $50B,14,4. very persistent (10+ days)
IREN,Neo Cloud,2025-10-13,64.14,2.37,39.6,-7.67,0.68,-8.35,1.33,5.41,-4.08,-6.19,7.59,-13.78,-24.4,-4.14,-20.26,22.92226815036,3. $10B - $50B,14,4. very persistent (10+ days)
IREN,Neo Cloud,2026-05-08,61.2,1.65,20.9,-13.5,0.24,-13.73,-7.14,4.2,-11.34,-3.28,10.01,-13.29,-10.59,13.47,-24.06,21.871574848799998,3. $10B - $50B,1,1. brief (1-2 days)
IREN,Neo Cloud,2026-06-03,65.48,1.54,37.2,-21.32,-12.95,-8.37,-11.26,-4.21,-7.04,-40.71,-12.88,-27.84,-48.66,-19.82,-28.83,23.40115557352,3. $10B - $50B,3,2. building (3-5 days)
APLD,Neo Cloud,2024-06-14,4.65,1.57,9.9,30.75,-0.97,31.72,39.78,0.45,39.33,46.45,10.93,35.52,-14.41,-5.38,-9.03,1.3220127258000003,1. under $2B,1,1. brief (1-2 days)
APLD,Neo Cloud,2024-07-01,6.5,2.63,39.8,-15.85,2.66,-18.51,4.77,10.18,-5.41,-38.77,-5.38,-33.38,-39.23,-8.04,-31.19,1.847974778,1. under $2B,11,4. very persistent (10+ days)
APLD,Neo Cloud,2024-09-05,5.37,2.42,28.2,12.1,3.88,8.22,3.54,9.89,-6.36,49.72,14.83,34.89,48.04,22.26,25.78,1.52671147044,1. under $2B,1,1. brief (1-2 days)
APLD,Neo Cloud,2024-09-20,6.02,2.0,32.3,36.05,5.4,30.64,23.75,5.46,18.29,35.88,10.05,25.83,7.31,8.47,-1.16,1.7115089482399997,1. under $2B,11,4. very persistent (10+ days)
APLD,Neo Cloud,2024-10-04,7.45,1.62,23.8,-2.28,3.82,-6.1,9.8,4.23,5.57,-13.29,2.66,-15.95,-2.95,12.46,-15.41,2.1180633994,2. $2B - $10B,11,4. very persistent (10+ days)
APLD,Neo Cloud,2024-11-26,9.74,1.52,28.3,-1.23,6.29,-7.53,-10.06,3.98,-14.04,-5.54,2.31,-7.85,-20.28,-1.58,-18.69,2.7691191288800003,2. $2B - $10B,1,1. brief (1-2 days)
APLD,Neo Cloud,2025-02-24,9.02,1.53,15.8,-23.73,-9.42,-14.31,-30.82,-14.28,-16.54,-11.42,-4.52,-6.9,-41.69,-25.6,-16.09,2.56442038424,2. $2B - $10B,1,1. brief (1-2 days)
APLD,Neo Cloud,2025-05-23,7.36,1.51,36.5,37.77,0.69,37.08,76.9,9.49,67.41,40.22,13.75,26.47,29.21,21.07,8.14,2.09247605632,2. $2B - $10B,1,1. brief (1-2 days)
APLD,Neo Cloud,2025-06-09,13.02,3.73,76.9,-11.29,0.4,-11.69,-20.74,3.77,-24.5,-26.96,10.83,-37.79,-16.05,16.35,-32.4,3.70163563224,2. $2B - $10B,11,4. very persistent (10+ days)
APLD,Neo Cloud,2025-09-23,24.67,1.52,62.3,-7.01,1.03,-8.04,10.66,4.44,6.22,31.9,7.98,23.92,25.9,12.99,12.91,7.013775042040001,2. $2B - $10B,1,1. brief (1-2 days)
APLD,Neo Cloud,2025-10-10,33.99,1.82,56.6,0.74,4.2,-3.47,-1.65,8.54,-10.19,-8.86,10.37,-19.22,-37.95,-5.4,-32.55,9.663486569880002,2. $2B - $10B,4,2. building (3-5 days)
APLD,Neo Cloud,2026-01-12,38.21,1.52,58.9,-7.2,3.56,-10.76,8.22,7.9,0.32,-1.94,11.11,-13.05,-23.89,15.87,-39.77,10.86324865652,3. $10B - $50B,1,1. brief (1-2 days)
APLD,Neo Cloud,2026-05-06,44.24,1.51,36.4,2.8,1.14,1.67,-10.67,-3.51,-7.16,-0.2,15.03,-15.24,5.31,15.52,-10.21,12.57760064288,3. $10B - $50B,1,1. brief (1-2 days)
WULF,Neo Cloud,2023-12-05,1.55,1.63,36.0,-6.45,2.01,-8.46,27.74,10.51,17.24,41.29,9.79,31.5,-10.97,11.71,-22.68,0.77340144935,1. under $2B,1,1. brief (1-2 days)
WULF,Neo Cloud,2023-12-19,1.98,2.44,27.7,45.45,7.03,38.42,10.61,-0.41,11.01,-30.3,1.54,-31.84,-10.1,6.86,-16.96,0.98795798046,1. under $2B,11,4. very persistent (10+ days)
WULF,Neo Cloud,2024-01-04,2.19,3.52,10.6,-12.33,2.43,-14.76,-36.99,2.82,-39.81,-18.72,8.4,-27.12,13.7,14.31,-0.62,1.09274140263,1. under $2B,14,4. very persistent (10+ days)
WULF,Neo Cloud,2024-06-07,3.09,1.64,55.3,26.86,6.46,20.4,36.57,5.24,31.32,62.78,9.84,52.95,78.64,11.65,66.99,1.5418132119299999,1. under $2B,1,1. brief (1-2 days)
WULF,Neo Cloud,2024-06-24,4.22,2.18,36.6,23.46,1.42,22.04,19.19,4.08,15.11,30.81,5.74,25.07,-14.22,-10.58,-3.63,2.10564781694,2. $2B - $10B,11,4. very persistent (10+ days)
WULF,Neo Cloud,2024-07-09,5.03,1.96,19.2,26.84,7.52,19.32,9.74,1.67,8.07,-28.03,-13.62,-14.41,-5.77,-4.53,-1.23,2.50981244531,2. $2B - $10B,14,4. very persistent (10+ days)
WULF,Neo Cloud,2024-10-24,6.21,1.85,58.0,4.99,-1.55,6.54,32.21,10.9,21.3,12.56,13.55,-0.99,30.76,25.66,5.1,3.09859548417,2. $2B - $10B,1,1. brief (1-2 days)
WULF,Neo Cloud,2024-11-07,8.21,1.69,32.2,-15.35,-2.64,-12.71,-14.86,2.6,-17.46,-1.1,13.47,-14.57,-19.49,4.05,-23.54,4.096532838170001,2. $2B - $10B,9,3. persistent (6-9 days)
WULF,Neo Cloud,2025-06-13,4.02,1.51,13.9,-11.19,4.44,-15.63,8.96,12.3,-3.34,21.14,14.05,7.09,29.85,21.85,8.01,2.00585408154,2. $2B - $10B,1,1. brief (1-2 days)
WULF,Neo Cloud,2025-07-02,5.04,1.6,27.6,1.79,0.72,1.06,6.35,3.74,2.61,2.38,10.3,-7.92,72.82,13.44,59.38,2.51480213208,2. $2B - $10B,3,2. building (3-5 days)
WULF,Neo Cloud,2025-08-14,8.71,1.66,68.8,5.51,-3.18,8.69,8.38,4.64,3.74,23.54,14.95,8.59,24.34,18.77,5.57,4.34601717667,2. $2B - $10B,1,1. brief (1-2 days)
WULF,Neo Cloud,2025-08-28,9.44,2.02,8.4,-3.28,-0.17,-3.12,13.98,9.3,4.69,14.72,12.8,1.93,43.11,22.3,20.82,4.71026431088,2. $2B - $10B,11,4. very persistent (10+ days)
WULF,Neo Cloud,2026-02-12,15.91,1.53,9.4,-5.66,2.13,-7.78,1.95,2.15,-0.2,-7.79,-1.26,-6.54,-6.41,-2.39,-4.03,7.938591651069999,2. $2B - $10B,1,1. brief (1-2 days)
CIFR,Neo Cloud,2023-12-04,2.99,1.81,20.8,-18.06,1.06,-19.12,5.02,8.46,-3.45,31.44,8.96,22.48,-12.04,7.99,-20.03,1.24094185878,1. under $2B,1,1. brief (1-2 days)
CIFR,Neo Cloud,2023-12-19,3.59,2.28,28.7,46.8,7.03,39.76,16.71,-0.41,17.12,-25.35,1.54,-26.89,-25.35,6.86,-32.2,1.4899602919800001,1. under $2B,5,2. building (3-5 days)
CIFR,Neo Cloud,2024-01-04,4.19,3.81,16.7,-16.23,2.43,-18.66,-36.04,2.82,-38.86,-36.04,8.4,-44.44,-9.79,14.31,-24.1,1.73897872518,1. under $2B,11,4. very persistent (10+ days)
CIFR,Neo Cloud,2024-03-28,5.15,1.7,62.5,-21.36,-1.3,-20.06,-25.73,-6.06,-19.67,-12.62,-3.43,-9.2,-27.77,-1.12,-26.65,2.1374082183,2. $2B - $10B,1,1. brief (1-2 days)
CIFR,Neo Cloud,2024-06-18,5.01,1.56,30.1,-15.97,-3.01,-12.96,-7.19,0.57,-7.75,19.76,0.04,19.72,-3.59,-7.41,3.81,2.07930391722,2. $2B - $10B,1,1. brief (1-2 days)
CIFR,Neo Cloud,2024-07-18,6.0,1.6,29.0,-8.17,-5.33,-2.84,-19.5,-7.11,-12.39,-35.67,-5.61,-30.06,-40.17,-4.5,-35.66,2.490184332,2. $2B - $10B,1,1. brief (1-2 days)
CIFR,Neo Cloud,2024-10-25,5.46,1.51,30.3,-3.85,-1.25,-2.59,31.14,12.04,19.1,24.18,15.76,8.41,16.85,20.81,-3.96,2.2660677421199997,2. $2B - $10B,1,1. brief (1-2 days)
CIFR,Neo Cloud,2024-11-08,7.16,1.86,31.1,-7.4,-4.48,-2.92,-5.31,3.35,-8.66,-10.89,8.1,-19.0,-27.23,2.63,-29.87,2.97161996952,2. $2B - $10B,6,3. persistent (6-9 days)
CIFR,Neo Cloud,2025-05-21,3.51,1.57,16.1,-7.28,0.68,-7.95,0.71,5.93,-5.21,8.13,11.39,-3.26,65.19,20.72,44.47,1.45675783422,1. under $2B,1,1. brief (1-2 days)
CIFR,Neo Cloud,2025-06-06,3.9,1.61,9.2,-4.62,-1.9,-2.72,-9.49,2.59,-12.08,54.62,10.73,43.89,77.95,14.8,63.15,1.6186198158,1. under $2B,5,2. building (3-5 days)
CIFR,Neo Cloud,2025-06-27,4.26,2.04,10.9,35.92,1.9,34.02,41.55,3.05,38.5,44.6,10.93,33.67,11.74,13.31,-1.58,1.76803087572,1. under $2B,9,3. persistent (6-9 days)
CIFR,Neo Cloud,2025-07-14,6.03,2.71,41.5,3.65,3.1,0.55,2.16,7.76,-5.6,-21.06,10.27,-31.33,10.12,12.39,-2.27,2.5026352536600003,2. $2B - $10B,11,4. very persistent (10+ days)
CIFR,Neo Cloud,2025-09-09,9.22,1.57,38.9,24.84,7.75,17.09,53.47,12.35,41.12,70.82,17.98,52.84,96.04,22.38,73.66,3.8265832568400002,2. $2B - $10B,1,1. brief (1-2 days)
CIFR,Neo Cloud,2025-09-23,14.15,1.89,53.5,-11.02,1.03,-12.05,11.31,4.44,6.87,27.74,7.98,19.75,59.08,12.99,46.09,5.8726847163,2. $2B - $10B,11,4. very persistent (10+ days)
CIFR,Neo Cloud,2025-10-07,15.75,2.51,11.3,32.63,2.73,29.91,14.76,3.22,11.54,42.92,8.02,34.9,-7.43,-2.98,-4.45,6.5367338715,2. $2B - $10B,12,4. very persistent (10+ days)
CIFR,Neo Cloud,2025-10-21,18.08,2.16,14.8,10.43,5.91,4.52,24.54,4.55,19.99,-19.34,-6.29,-13.04,3.07,0.04,3.03,7.503755453759999,2. $2B - $10B,14,4. very persistent (10+ days)
CIFR,Neo Cloud,2025-11-04,22.51,1.71,24.5,-17.06,-0.96,-16.1,-35.23,-10.63,-24.6,-17.24,-4.42,-12.82,-36.07,-10.77,-25.3,9.34234155222,2. $2B - $10B,7,3. persistent (6-9 days)
CIFR,Neo Cloud,2026-05-15,20.33,1.52,19.3,8.07,4.02,4.05,18.1,13.31,4.79,28.04,14.27,13.77,20.51,15.1,5.42,8.43757457826,2. $2B - $10B,1,1. brief (1-2 days)
CORZ,Neo Cloud,2024-05-28,4.96,1.55,36.5,37.7,-3.11,40.81,75.6,1.75,73.85,100.6,6.33,94.27,95.77,11.59,84.18,1.59384858736,1. under $2B,1,1. brief (1-2 days)
CORZ,Neo Cloud,2024-06-11,8.71,4.2,75.6,2.3,6.96,-4.66,14.24,3.83,10.41,11.48,9.24,2.24,8.04,1.07,6.97,2.79887524111,2. $2B - $10B,11,4. very persistent (10+ days)
CORZ,Neo Cloud,2024-06-26,9.95,3.07,14.2,1.71,3.65,-1.94,-2.41,5.24,-7.65,-5.43,-2.5,-2.92,1.91,-9.3,11.21,3.1973373879499998,2. $2B - $10B,14,4. very persistent (10+ days)
CORZ,Neo Cloud,2024-07-15,11.01,1.59,18.4,0.36,-3.52,3.89,-13.17,-9.7,-3.47,-13.99,-16.48,2.49,-1.45,-7.72,6.27,3.53795825541,2. $2B - $10B,7,3. persistent (6-9 days)
CORZ,Neo Cloud,2024-11-19,16.47,1.56,26.5,3.95,3.3,0.65,6.07,9.6,-3.53,-12.26,2.28,-14.54,-6.62,6.82,-13.44,5.29247706327,2. $2B - $10B,1,1. brief (1-2 days)
CORZ,Neo Cloud,2025-06-26,16.36,1.63,33.6,10.02,4.3,5.73,-23.53,2.38,-25.91,-15.89,10.49,-26.39,-11.92,13.46,-25.38,5.25712961476,2. $2B - $10B,1,1. brief (1-2 days)
CORZ,Neo Cloud,2025-10-16,19.67,1.55,8.7,-8.19,-1.37,-6.82,5.44,5.33,0.11,-22.93,-4.6,-18.33,-14.13,0.66,-14.79,6.32076647447,2. $2B - $10B,1,1. brief (1-2 days)
CORZ,Neo Cloud,2025-10-31,21.54,1.5,13.4,-6.27,-2.88,-3.39,-30.69,-11.7,-18.99,-22.98,-7.56,-15.42,-29.06,-10.12,-18.94,6.9216730991399995,2. $2B - $10B,3,2. building (3-5 days)
CORZ,Neo Cloud,2026-05-06,24.63,1.6,16.2,-2.56,1.14,-3.69,-5.89,-3.51,-2.38,13.32,15.03,-1.72,18.39,15.52,2.87,7.91461506183,2. $2B - $10B,1,1. brief (1-2 days)
HUT,Neo Cloud,2023-12-04,10.51,1.54,10.6,-15.84,1.06,-16.9,15.7,8.46,7.24,17.32,8.96,8.36,-32.25,7.99,-40.24,1.2954570086800001,1. under $2B,1,1. brief (1-2 days)
HUT,Neo Cloud,2023-12-18,12.16,2.28,15.7,28.45,6.34,22.11,1.4,0.59,0.81,-41.45,-0.09,-41.36,-38.57,7.05,-45.62,1.49883513088,1. under $2B,3,2. building (3-5 days)
HUT,Neo Cloud,2024-06-13,11.51,1.57,28.0,7.3,-1.25,8.55,30.23,-1.07,31.3,73.76,7.89,65.87,28.84,-3.27,32.11,1.41871647668,1. under $2B,1,1. brief (1-2 days)
HUT,Neo Cloud,2024-06-28,14.99,2.89,30.2,16.61,5.21,11.4,33.42,8.81,24.61,-1.07,-1.98,0.91,-24.02,-9.75,-14.27,1.8476594253199998,1. under $2B,11,4. very persistent (10+ days)
HUT,Neo Cloud,2024-07-15,20.0,1.86,33.4,1.3,-3.52,4.82,-25.85,-9.7,-16.15,-43.05,-16.48,-26.57,-39.6,-7.72,-31.88,2.46518936,2. $2B - $10B,12,4. very persistent (10+ days)
HUT,Neo Cloud,2024-10-25,14.9,1.52,27.1,7.52,-1.25,8.77,31.44,12.04,19.41,73.96,15.76,58.2,82.55,20.81,61.74,1.8365660732,1. under $2B,1,1. brief (1-2 days)
HUT,Neo Cloud,2024-11-08,19.58,1.95,31.4,28.98,-4.48,33.46,32.35,3.35,28.99,38.88,8.1,30.78,10.54,2.63,7.91,2.4134203834399997,2. $2B - $10B,9,3. persistent (6-9 days)
HUT,Neo Cloud,2024-11-22,25.92,2.64,32.3,0.04,1.4,-1.37,4.94,4.16,0.78,-16.47,-0.68,-15.8,-9.34,0.52,-9.85,3.1948854105600004,2. $2B - $10B,13,4. very persistent (10+ days)
HUT,Neo Cloud,2024-12-11,26.69,1.71,9.3,-2.1,-4.59,2.5,-10.49,-1.89,-8.6,-14.09,-5.3,-8.79,-26.53,-9.11,-17.42,3.28979520092,2. $2B - $10B,7,3. persistent (6-9 days)
HUT,Neo Cloud,2025-05-16,17.13,1.57,24.1,-2.8,-1.74,-1.06,-11.21,-0.94,-10.27,7.76,8.17,-0.41,7.88,15.63,-7.75,2.11143468684,2. $2B - $10B,1,1. brief (1-2 days)
HUT,Neo Cloud,2025-09-18,37.38,1.51,46.0,-6.69,-1.65,-5.04,4.44,5.94,-1.5,30.5,11.36,19.14,29.94,16.97,12.97,4.60743891384,2. $2B - $10B,1,1. brief (1-2 days)
HUT,Neo Cloud,2025-10-03,40.1,1.53,10.7,8.65,-0.68,9.33,20.85,3.42,17.42,26.33,12.09,14.24,-7.88,-0.77,-7.11,4.9427046668,2. $2B - $10B,7,3. persistent (6-9 days)
HUT,Neo Cloud,2025-10-17,48.46,2.02,20.8,-1.65,4.13,-5.78,4.54,8.49,-3.95,-23.77,-3.85,-19.92,-10.09,0.59,-10.68,5.973153819279999,2. $2B - $10B,7,3. persistent (6-9 days)
HUT,Neo Cloud,2025-11-03,55.0,1.62,10.2,-14.24,-1.64,-12.59,-31.45,-13.4,-18.05,-31.49,-8.82,-22.67,-33.0,-11.17,-21.83,6.77927074,2. $2B - $10B,7,3. persistent (6-9 days)
HUT,Neo Cloud,2026-05-06,108.94,1.56,34.9,-0.57,1.14,-1.71,-11.41,-3.51,-7.9,17.28,15.03,2.24,14.23,15.52,-1.3,13.42788644392,3. $10B - $50B,1,1. brief (1-2 days)
GLXY,Neo Cloud,2026-06-09,32.68,1.66,10.3,1.53,4.26,-2.73,-12.55,4.7,-17.24,-23.19,-1.01,-22.19,-25.58,-5.64,-19.94,6.34947537056,2. $2B - $10B,1,1. brief (1-2 days)
BTDR,Neo Cloud,2023-11-28,4.55,1.54,20.7,22.64,3.03,19.61,30.77,4.87,25.9,200.44,23.44,177.0,58.02,15.31,42.71,1.23660921475,1. under $2B,1,1. brief (1-2 days)
BTDR,Neo Cloud,2023-12-12,5.95,2.28,30.8,31.76,8.75,23.01,129.75,17.63,112.12,20.84,10.23,10.61,27.73,11.71,16.02,1.61710435775,1. under $2B,9,3. persistent (6-9 days)
BTDR,Neo Cloud,2023-12-27,13.67,3.63,129.7,-41.33,-5.93,-35.4,-47.4,-3.46,-43.95,-44.4,-1.03,-43.37,-42.28,7.98,-50.26,3.71526328915,2. $2B - $10B,14,4. very persistent (10+ days)
BTDR,Neo Cloud,2024-06-13,9.85,1.71,69.2,-3.45,-1.25,-2.2,4.16,-1.07,5.23,16.55,7.89,8.66,-2.54,-3.27,0.73,2.67705511325,2. $2B - $10B,1,1. brief (1-2 days)
BTDR,Neo Cloud,2024-07-02,11.61,3.28,23.8,-6.03,3.38,-9.41,-11.11,3.27,-14.39,-21.79,-1.57,-20.22,-33.42,-8.68,-24.74,3.15539186445,2. $2B - $10B,11,4. very persistent (10+ days)
BTDR,Neo Cloud,2024-11-06,8.51,1.51,10.2,24.56,1.14,23.42,39.72,2.46,37.26,99.53,12.78,86.75,113.16,4.21,108.96,2.31286690495,2. $2B - $10B,1,1. brief (1-2 days)
BTDR,Neo Cloud,2024-11-20,11.89,2.81,39.7,2.86,3.78,-0.92,42.81,9.89,32.92,52.57,1.78,50.79,95.79,9.5,86.29,3.23149089305,2. $2B - $10B,11,4. very persistent (10+ days)
BTDR,Neo Cloud,2024-12-05,16.98,2.87,42.8,25.85,-1.46,27.31,6.83,-7.34,14.17,37.1,-0.79,37.89,20.97,5.12,15.84,4.6148625201,2. $2B - $10B,13,4. very persistent (10+ days)
BTDR,Neo Cloud,2024-12-24,23.56,2.48,24.7,-2.93,-2.57,-0.36,-21.48,-1.81,-19.67,-34.04,-7.86,-26.18,-26.1,1.01,-27.12,6.4031896922,2. $2B - $10B,11,4. very persistent (10+ days)
BTDR,Neo Cloud,2025-05-21,14.75,1.56,30.0,-2.98,0.68,-3.66,-14.37,5.93,-20.3,-23.53,11.39,-34.91,-11.02,20.72,-31.74,4.00878811375,2. $2B - $10B,1,1. brief (1-2 days)
BTDR,Neo Cloud,2025-09-22,17.96,1.65,41.4,-3.62,-2.24,-1.38,16.31,3.99,12.32,42.37,7.42,34.96,27.23,16.3,10.92,4.881209120199999,2. $2B - $10B,1,1. brief (1-2 days)
BTDR,Neo Cloud,2025-10-06,20.89,1.62,16.3,-2.11,2.39,-4.5,22.4,3.07,19.33,9.38,11.59,-2.21,-49.11,-3.04,-46.08,5.67753109805,2. $2B - $10B,7,3. persistent (6-9 days)
BTDR,Neo Cloud,2025-10-20,25.57,2.64,22.4,-5.51,4.79,-10.3,-10.64,8.22,-18.86,-58.43,-5.88,-52.55,-51.11,-1.13,-49.98,6.94947200465,2. $2B - $10B,12,4. very persistent (10+ days)
BTDR,Neo Cloud,2026-05-26,15.11,1.57,14.7,24.16,9.76,14.4,15.22,-0.58,15.81,15.95,3.95,12.0,-5.16,-1.6,-3.57,4.10662972195,2. $2B - $10B,1,1. brief (1-2 days)
BTDR,Neo Cloud,2026-06-09,17.41,2.35,15.2,4.82,4.26,0.56,0.63,4.7,-4.06,-17.69,-1.01,-16.69,-30.1,-5.64,-24.45,4.73172888545,2. $2B - $10B,11,4. very persistent (10+ days)
